<?xml version="1.0" encoding="UTF-8"?>
<jcr:root xmlns:sling="http://sling.apache.org/jcr/sling/1.0" xmlns:cq="http://www.day.com/jcr/cq/1.0" xmlns:jcr="http://www.jcp.org/jcr/1.0" xmlns:nt="http://www.jcp.org/jcr/nt/1.0" xmlns:rep="internal"
    jcr:mixinTypes="[rep:AccessControllable]"
    jcr:primaryType="cq:Page">
    <rep:policy/>
    <value-aem jcr:primaryType="nt:unstructured">
        <components jcr:primaryType="nt:unstructured">
            <form/>
            <languagenavigation/>
            <image/>
            <text/>
            <title/>
            <experiencefragment/>
            <container/>
            <teaser/>
            <download/>
            <page/>
            <core jcr:primaryType="nt:unstructured">
                <container jcr:primaryType="nt:unstructured">
                    <policy_1740543651752
                        jcr:lastModified="{Date}2025-02-26T09:51:12.311+05:30"
                        jcr:lastModifiedBy="admin"
                        jcr:primaryType="nt:unstructured"
                        jcr:title="tbvz-policy"
                        sling:resourceType="wcm/core/components/policy/policy"
                        components="[/apps/value-aem/components/core/content/herobanner,/apps/value-aem/components/core/content/button]"
                        layoutDisabled="false">
                        <jcr:content jcr:primaryType="nt:unstructured"/>
                    </policy_1740543651752>
                    <policy_33431100456625
                        jcr:lastModified="{Date}2025-02-26T10:04:49.077+05:30"
                        jcr:lastModifiedBy="admin"
                        jcr:primaryType="nt:unstructured"
                        jcr:title="tbvz-policy"
                        sling:resourceType="wcm/core/components/policy/policy"
                        components="group:Value AEM - Content"
                        layoutDisabled="false">
                        <jcr:content jcr:primaryType="nt:unstructured"/>
                    </policy_33431100456625>
                    <policy_34391382276666
                        jcr:lastModified="{Date}2025-02-26T10:20:38.640+05:30"
                        jcr:lastModifiedBy="admin"
                        jcr:primaryType="nt:unstructured"
                        jcr:title="tbvz-policy"
                        sling:resourceType="wcm/core/components/policy/policy"
                        components="group:Value AEM - Content"
                        layoutDisabled="false">
                        <jcr:content jcr:primaryType="nt:unstructured"/>
                    </policy_34391382276666>
                </container>
                <content jcr:primaryType="nt:unstructured">
                    <herobanner jcr:primaryType="nt:unstructured">
                        <policy_33480220970333
                            jcr:lastModified="{Date}2025-02-27T21:25:00.789+05:30"
                            jcr:lastModifiedBy="admin"
                            jcr:primaryType="nt:unstructured"
                            jcr:title="herobannerpolicy"
                            sling:resourceType="wcm/core/components/policy/policy">
                            <jcr:content jcr:primaryType="nt:unstructured"/>
                            <cq:styleGroups jcr:primaryType="nt:unstructured">
                                <item0
                                    cq:styleGroupLabel="TextAlignment"
                                    jcr:primaryType="nt:unstructured">
                                    <cq:styles jcr:primaryType="nt:unstructured">
                                        <item0
                                            cq:styleClasses="content-center"
                                            cq:styleId="1740544820443"
                                            cq:styleLabel="Center"
                                            jcr:primaryType="nt:unstructured"/>
                                    </cq:styles>
                                </item0>
                                <item1
                                    cq:styleGroupLabel="Theme"
                                    jcr:primaryType="nt:unstructured">
                                    <cq:styles jcr:primaryType="nt:unstructured">
                                        <item0
                                            cq:styleClasses="hero-wrapper-light"
                                            cq:styleId="1740671619826"
                                            cq:styleLabel="light"
                                            jcr:primaryType="nt:unstructured"/>
                                        <item1
                                            cq:styleClasses="hero-wrapper-dark"
                                            cq:styleId="1740671623161"
                                            cq:styleLabel="dark"
                                            jcr:primaryType="nt:unstructured"/>
                                    </cq:styles>
                                </item1>
                            </cq:styleGroups>
                        </policy_33480220970333>
                    </herobanner>
                    <button jcr:primaryType="nt:unstructured">
                        <policy_34467615670333
                            jcr:lastModified="{Date}2025-02-26T10:27:46.402+05:30"
                            jcr:lastModifiedBy="admin"
                            jcr:primaryType="nt:unstructured"
                            jcr:title="button policy"
                            sling:resourceType="wcm/core/components/policy/policy">
                            <jcr:content jcr:primaryType="nt:unstructured"/>
                            <cq:styleGroups jcr:primaryType="nt:unstructured">
                                <item0
                                    cq:styleGroupLabel="Size"
                                    jcr:primaryType="nt:unstructured">
                                    <cq:styles jcr:primaryType="nt:unstructured">
                                        <item0
                                            cq:styleClasses="large"
                                            cq:styleId="1740499598556"
                                            cq:styleLabel="Large"
                                            jcr:primaryType="nt:unstructured"/>
                                        <item1
                                            cq:styleClasses="small"
                                            cq:styleId="1740499605293"
                                            cq:styleLabel="Small"
                                            jcr:primaryType="nt:unstructured"/>
                                        <item2
                                            cq:styleClasses="extra-small"
                                            cq:styleId="1740499606058"
                                            cq:styleLabel="Extra-Small"
                                            jcr:primaryType="nt:unstructured"/>
                                        <item3
                                            cq:styleClasses="medium"
                                            cq:styleId="1740499606652"
                                            cq:styleLabel="Medium"
                                            jcr:primaryType="nt:unstructured"/>
                                    </cq:styles>
                                </item0>
                                <item1
                                    cq:styleGroupLabel="Color"
                                    jcr:primaryType="nt:unstructured">
                                    <cq:styles jcr:primaryType="nt:unstructured">
                                        <item0
                                            cq:styleClasses="primary-btn"
                                            cq:styleId="1740499959803"
                                            cq:styleLabel="Primary Button (Teal Green)"
                                            jcr:primaryType="nt:unstructured"/>
                                        <item1
                                            cq:styleClasses="secondary-btn"
                                            cq:styleId="1740499983388"
                                            cq:styleLabel="Secondary Button (White Background)"
                                            jcr:primaryType="nt:unstructured"/>
                                        <item2
                                            cq:styleClasses="tertiary-btn"
                                            cq:styleId="1740499987068"
                                            cq:styleLabel="Tertiary Button"
                                            jcr:primaryType="nt:unstructured"/>
                                        <item3
                                            cq:styleClasses="tertiary-flipped-btn"
                                            cq:styleId="1740499998504"
                                            cq:styleLabel="Tertiary White Button"
                                            jcr:primaryType="nt:unstructured"/>
                                        <item4
                                            cq:styleClasses="secondary-black-outline-btn"
                                            cq:styleId="1740500005373"
                                            cq:styleLabel="Secondary Button (Transparent and Black border)"
                                            jcr:primaryType="nt:unstructured"/>
                                        <item5
                                            cq:styleClasses="secondary-white-outline-btn"
                                            cq:styleId="1740500012355"
                                            cq:styleLabel="Secondary Button (Transparent and White Border)"
                                            jcr:primaryType="nt:unstructured"/>
                                    </cq:styles>
                                </item1>
                                <item2
                                    cq:styleGroupLabel="Alignment"
                                    jcr:primaryType="nt:unstructured">
                                    <cq:styles jcr:primaryType="nt:unstructured">
                                        <item0
                                            cq:styleClasses="text-center"
                                            cq:styleId="1740500062104"
                                            cq:styleLabel="Center"
                                            jcr:primaryType="nt:unstructured"/>
                                    </cq:styles>
                                </item2>
                                <item3
                                    cq:styleGroupLabel="Padding"
                                    cq:styleGroupMultiple="true"
                                    jcr:primaryType="nt:unstructured">
                                    <cq:styles jcr:primaryType="nt:unstructured">
                                        <item0
                                            cq:styleClasses="pt-40"
                                            cq:styleId="1740500089286"
                                            cq:styleLabel="Top 40"
                                            jcr:primaryType="nt:unstructured"/>
                                        <item1
                                            cq:styleClasses="pb-40"
                                            cq:styleId="1740500103385"
                                            cq:styleLabel="Bottom 40"
                                            jcr:primaryType="nt:unstructured"/>
                                        <item2
                                            cq:styleClasses="pt-80"
                                            cq:styleId="1740500111368"
                                            cq:styleLabel="Top 80"
                                            jcr:primaryType="nt:unstructured"/>
                                        <item3
                                            cq:styleClasses="pb-80"
                                            cq:styleId="1740500120418"
                                            cq:styleLabel="Bottom 80"
                                            jcr:primaryType="nt:unstructured"/>
                                    </cq:styles>
                                </item3>
                                <item4
                                    cq:styleGroupLabel="Margin"
                                    cq:styleGroupMultiple="true"
                                    jcr:primaryType="nt:unstructured">
                                    <cq:styles jcr:primaryType="nt:unstructured">
                                        <item0
                                            cq:styleClasses="mt-20"
                                            cq:styleId="1740500158867"
                                            cq:styleLabel="Top 20"
                                            jcr:primaryType="nt:unstructured"/>
                                        <item1
                                            cq:styleClasses="mb-20"
                                            cq:styleId="1740500165246"
                                            cq:styleLabel="Bottom 20"
                                            jcr:primaryType="nt:unstructured"/>
                                    </cq:styles>
                                </item4>
                                <item5
                                    cq:styleGroupLabel="Background"
                                    jcr:primaryType="nt:unstructured">
                                    <cq:styles jcr:primaryType="nt:unstructured">
                                        <item0
                                            cq:styleClasses="bg-white"
                                            cq:styleId="1740500194363"
                                            cq:styleLabel="White"
                                            jcr:primaryType="nt:unstructured"/>
                                    </cq:styles>
                                </item5>
                                <item6
                                    cq:styleGroupLabel="Color Themes"
                                    jcr:primaryType="nt:unstructured">
                                    <cq:styles jcr:primaryType="nt:unstructured">
                                        <item0
                                            cq:styleClasses="cmn-btn-dark"
                                            cq:styleId="1740500213714"
                                            cq:styleLabel="Dark"
                                            jcr:primaryType="nt:unstructured"/>
                                        <item1
                                            cq:styleClasses="cmn-btn-light"
                                            cq:styleId="1740500215127"
                                            cq:styleLabel="Light"
                                            jcr:primaryType="nt:unstructured"/>
                                        <item2
                                            cq:styleClasses="cmn-btn-red"
                                            cq:styleId="1740500215925"
                                            cq:styleLabel="Red"
                                            jcr:primaryType="nt:unstructured"/>
                                        <item3
                                            cq:styleClasses="cmn-btn-yellow"
                                            cq:styleId="1740500217309"
                                            cq:styleLabel="Yellow"
                                            jcr:primaryType="nt:unstructured"/>
                                        <item4
                                            cq:styleClasses="cmn-btn-teal"
                                            cq:styleId="1740500218061"
                                            cq:styleLabel="teal"
                                            jcr:primaryType="nt:unstructured"/>
                                    </cq:styles>
                                </item6>
                            </cq:styleGroups>
                        </policy_34467615670333>
                    </button>
                </content>
            </core>
        </components>
    </value-aem>
    <wcm/>
</jcr:root>
