<?xml version="1.0" encoding="UTF-8"?>
<jcr:root xmlns:sling="http://sling.apache.org/jcr/sling/1.0" xmlns:granite="http://www.adobe.com/jcr/granite/1.0" xmlns:cq="http://www.day.com/jcr/cq/1.0" xmlns:jcr="http://www.jcp.org/jcr/1.0" xmlns:nt="http://www.jcp.org/jcr/nt/1.0"
    jcr:primaryType="nt:unstructured"
    jcr:title="Common Content Fragment List"
    sling:resourceType="cq/gui/components/authoring/dialog"
    extraClientlibs="[core.wcm.components.contentfragmentlist.duplicate.editor]"
    helpPath="https://www.adobe.com/go/aem_cmp_cflist_v1">
    <content
        granite:class="cmp-contentfragmentlist__editor"
        jcr:primaryType="nt:unstructured"
        sling:resourceType="granite/ui/components/coral/foundation/container">
        <items jcr:primaryType="nt:unstructured">
            <tabs
                jcr:primaryType="nt:unstructured"
                sling:resourceType="granite/ui/components/coral/foundation/tabs"
                maximized="{Boolean}true">
                <items jcr:primaryType="nt:unstructured">
                    <properties
                        jcr:primaryType="nt:unstructured"
                        jcr:title="Properties"
                        sling:resourceType="granite/ui/components/coral/foundation/container"
                        margin="{Boolean}true">
                        <items jcr:primaryType="nt:unstructured">
                            <column
                                jcr:primaryType="nt:unstructured"
                                sling:resourceType="granite/ui/components/coral/foundation/container">
                                <items jcr:primaryType="nt:unstructured">
                                    <desc
                                        jcr:primaryType="nt:unstructured"
                                        sling:resourceType="granite/ui/components/coral/foundation/text"
                                        text="This component will pull up all the matching content fragment under given parent folder."/>
                                    <attrname
                                        jcr:primaryType="nt:unstructured"
                                        sling:resourceType="granite/ui/components/coral/foundation/form/textfield"
                                        fieldDescription="This will be used as Attribute Name in Model JSON. Do not author space or any special character except hyphen (-), Need to inform Shop team to make similar Attribute name changes in shop code"
                                        fieldLabel="Content Fragment Attribute Name"
                                        name="./cfmAttributeName"/>
                                    <modelpath
                                        jcr:primaryType="nt:unstructured"
                                        sling:resourceType="granite/ui/components/coral/foundation/form/pathfield"
                                        fieldDescription="Content Fragment Model from which to build the list."
                                        fieldLabel="Model Path"
                                        name="./modelPath"
                                        rootPath="/conf"/>
                                    <parentPath
                                        jcr:primaryType="nt:unstructured"
                                        sling:resourceType="granite/ui/components/coral/foundation/form/pathfield"
                                        fieldDescription="Path under which the Content Fragments are located."
                                        fieldLabel="Parent Path"
                                        name="./parentPath"
                                        rootPath="/content"/>
                                    <nestedjson
                                        jcr:primaryType="nt:unstructured"
                                        sling:resourceType="granite/ui/components/foundation/form/checkbox"
                                        name="./nestedjson"
                                        text="isNestedJson"
                                        value="true"/>
                                </items>
                            </column>
                        </items>
                    </properties>
                </items>
            </tabs>
        </items>
    </content>
</jcr:root>
