<?xml version="1.0" encoding="UTF-8"?>
<jcr:root xmlns:sling="http://sling.apache.org/jcr/sling/1.0" xmlns:granite="http://www.adobe.com/jcr/granite/1.0" xmlns:cq="http://www.day.com/jcr/cq/1.0" xmlns:jcr="http://www.jcp.org/jcr/1.0" xmlns:nt="http://www.jcp.org/jcr/nt/1.0"
    jcr:primaryType="nt:unstructured"
    jcr:title="FAQs"
    sling:resourceType="cq/gui/components/authoring/dialog">
    <content
        jcr:primaryType="nt:unstructured"
        sling:resourceType="granite/ui/components/foundation/container">
        <items jcr:primaryType="nt:unstructured">
            <faqs
                jcr:primaryType="nt:unstructured"
                jcr:title="FAQs"
                sling:resourceType="granite/ui/components/coral/foundation/container"
                margin="{Boolean}true">
                <items jcr:primaryType="nt:unstructured">
                    <columns
                        jcr:primaryType="nt:unstructured"
                        sling:resourceType="granite/ui/components/coral/foundation/fixedcolumns"
                        margin="{Boolean}true">
                        <items jcr:primaryType="nt:unstructured">
                            <column
                                jcr:primaryType="nt:unstructured"
                                sling:resourceType="granite/ui/components/coral/foundation/container">
                                <items jcr:primaryType="nt:unstructured">
                                    <title
                                        jcr:primaryType="nt:unstructured"
                                        sling:resourceType="granite/ui/components/coral/foundation/form/textfield"
                                        fieldDescription="A title to display as the headline for the FAQs."
                                        fieldLabel="Title"
                                        name="./title"/>
                                    <faqsItems
                                        granite:class="products-fieldset-mf"
                                        jcr:primaryType="nt:unstructured"
                                        sling:resourceType="granite/ui/components/coral/foundation/form/multifield"
                                        composite="{Boolean}true"
                                        fieldLabel="FAQs List">
                                        <field
                                            jcr:primaryType="nt:unstructured"
                                            jcr:title="Click here to expand/Collapse"
                                            sling:resourceType="granite/ui/components/foundation/container"
                                            margin="true"
                                            name="./faqsList">
                                            <layout
                                                jcr:primaryType="nt:unstructured"
                                                sling:resourceType="granite/ui/components/foundation/layouts/collapsible"/>
                                            <items jcr:primaryType="nt:unstructured">
                                                <column
                                                    granite:class="products-fieldset"
                                                    jcr:primaryType="nt:unstructured"
                                                    sling:resourceType="granite/ui/components/coral/foundation/container"
                                                    margin="{Boolean}true">
                                                    <items jcr:primaryType="nt:unstructured">
                                                        <question
                                                            jcr:primaryType="nt:unstructured"
                                                            sling:resourceType="granite/ui/components/coral/foundation/form/textfield"
                                                            fieldLabel="Question"
                                                            name="./question"/>
                                                    </items>
                                                </column>
                                            </items>
                                        </field>
                                    </faqsItems>
                                </items>
                            </column>
                        </items>
                    </columns>
                </items>
            </faqs>
        </items>
    </content>
</jcr:root>
