<?xml version="1.0" encoding="UTF-8"?>
<jcr:root xmlns:sling="http://sling.apache.org/jcr/sling/1.0" xmlns:granite="http://www.adobe.com/jcr/granite/1.0" xmlns:cq="http://www.day.com/jcr/cq/1.0" xmlns:jcr="http://www.jcp.org/jcr/1.0" xmlns:nt="http://www.jcp.org/jcr/nt/1.0"
    jcr:primaryType="nt:unstructured"
    jcr:title="Page"
    sling:resourceType="cq/gui/components/authoring/dialog"
    extraClientlibs="[cq.common.wcm,core.wcm.components.page.v2.editor,cq.wcm.msm.properties,granite.contexthub.configuration]"
    helpPath="https://www.adobe.com/go/aem_cmp_page_v2"
    mode="edit">
    <content
        granite:class="cq-dialog-content-page"
        jcr:primaryType="nt:unstructured"
        sling:resourceType="granite/ui/components/coral/foundation/container">
        <items jcr:primaryType="nt:unstructured">
            <tabs
                granite:class="cq-siteadmin-admin-properties-tabs"
                jcr:primaryType="nt:unstructured"
                sling:resourceType="granite/ui/components/coral/foundation/tabs"
                size="L">
                <items jcr:primaryType="nt:unstructured">
                    <gpc
                        cq:showOnCreate="{Boolean}true"
                        jcr:primaryType="nt:unstructured"
                        jcr:title="GPC"
                        sling:resourceType="granite/ui/components/coral/foundation/fixedcolumns">
                        <items jcr:primaryType="nt:unstructured">
                            <column
                                jcr:primaryType="nt:unstructured"
                                sling:resourceType="granite/ui/components/coral/foundation/container">
                                <items jcr:primaryType="nt:unstructured">
                                    <gpc-loggedin-text
                                        cq:showOnCreate="{Boolean}true"
                                        jcr:primaryType="nt:unstructured"
                                        sling:resourceType="granite/ui/components/foundation/form/textarea"
                                        fieldLabel="GPC logged in user text"
                                        name="./gpcLoggedInText"/>
                                    <gpc-guest-text
                                        cq:showOnCreate="{Boolean}true"
                                        jcr:primaryType="nt:unstructured"
                                        sling:resourceType="granite/ui/components/foundation/form/textarea"
                                        fieldLabel="GPC guest user text"
                                        name="./gpcGuestText"/>
                                </items>
                            </column>
                        </items>
                    </gpc>
                    <dataLayer
                        cq:showOnCreate="{Boolean}true"
                        jcr:primaryType="nt:unstructured"
                        jcr:title="Data Layer"
                        sling:resourceType="granite/ui/components/coral/foundation/fixedcolumns">
                        <items jcr:primaryType="nt:unstructured">
                            <column
                                jcr:primaryType="nt:unstructured"
                                sling:resourceType="granite/ui/components/coral/foundation/container">
                                <items jcr:primaryType="nt:unstructured">
                                    <pageType
                                        cq:showOnCreate="{Boolean}true"
                                        jcr:primaryType="nt:unstructured"
                                        sling:resourceType="granite/ui/components/foundation/form/textfield"
                                        fieldDescription="Enter HPP, HPC, HPC for Homepages. Otherwise, will default to LP"
                                        fieldLabel="Per content impression Page name"
                                        name="./pageType"/>
                                </items>
                            </column>
                        </items>
                    </dataLayer>
                    <custom
                        cq:showOnCreate="{Boolean}true"
                        jcr:primaryType="nt:unstructured"
                        jcr:title="Custom"
                        sling:resourceType="granite/ui/components/coral/foundation/fixedcolumns">
                        <items jcr:primaryType="nt:unstructured">
                            <column
                                jcr:primaryType="nt:unstructured"
                                sling:resourceType="granite/ui/components/coral/foundation/container">
                                <items jcr:primaryType="nt:unstructured">
                                    <tealium-page-name
                                        cq:showOnCreate="{Boolean}true"
                                        jcr:primaryType="nt:unstructured"
                                        sling:resourceType="granite/ui/components/foundation/form/textfield"
                                        fieldLabel="Tealium Page name"
                                        name="./tealiumPageName"/>
                                    <category
                                        cq:showOnCreate="{Boolean}true"
                                        jcr:primaryType="nt:unstructured"
                                        sling:resourceType="granite/ui/components/foundation/form/textfield"
                                        fieldDescription="Enter Categoty Name For Adobe Analytics"
                                        fieldLabel="Category Name"
                                        name="./categoryName"/>
                                    <disableTag
                                        jcr:primaryType="nt:unstructured"
                                        sling:resourceType="granite/ui/components/coral/foundation/form/checkbox"
                                        name="./disableTag"
                                        text="Disable analytics and utag"
                                        value="true"/>
                                    <injectHead
                                        cq:showOnCreate="{Boolean}true"
                                        jcr:primaryType="nt:unstructured"
                                        sling:resourceType="granite/ui/components/foundation/form/textarea"
                                        fieldLabel="Inject in the Head"
                                        name="./injectHead"/>
                                    <injectEnd
                                        cq:showOnCreate="{Boolean}true"
                                        jcr:primaryType="nt:unstructured"
                                        sling:resourceType="granite/ui/components/foundation/form/textarea"
                                        fieldLabel="Inject at the end of the Body"
                                        name="./injectEnd"/>
                                    <link-tag
                                        jcr:primaryType="nt:unstructured"
                                        sling:resourceType="granite/ui/components/coral/foundation/form/multifield"
                                        composite="{Boolean}true"
                                        fieldLabel="Link Tags In Head">
                                        <field
                                            jcr:primaryType="nt:unstructured"
                                            sling:resourceType="granite/ui/components/coral/foundation/container"
                                            name="./linkData">
                                            <items jcr:primaryType="nt:unstructured">
                                                <rel
                                                    jcr:primaryType="nt:unstructured"
                                                    sling:resourceType="granite/ui/components/coral/foundation/form/textfield"
                                                    name="rel"/>
                                                <href
                                                    jcr:primaryType="nt:unstructured"
                                                    sling:resourceType="granite/ui/components/coral/foundation/form/pathfield"
                                                    name="href"/>
                                            </items>
                                        </field>
                                    </link-tag>
                                    <meta-tag
                                        jcr:primaryType="nt:unstructured"
                                        sling:resourceType="granite/ui/components/coral/foundation/form/multifield"
                                        composite="{Boolean}true"
                                        fieldLabel="Meta Tags In Head">
                                        <field
                                            jcr:primaryType="nt:unstructured"
                                            sling:resourceType="granite/ui/components/coral/foundation/container"
                                            name="./metaData">
                                            <items jcr:primaryType="nt:unstructured">
                                                <name
                                                    jcr:primaryType="nt:unstructured"
                                                    sling:resourceType="granite/ui/components/coral/foundation/form/textfield"
                                                    name="name"/>
                                                <content
                                                    jcr:primaryType="nt:unstructured"
                                                    sling:resourceType="granite/ui/components/coral/foundation/form/textfield"
                                                    name="content"/>
                                            </items>
                                        </field>
                                    </meta-tag>
                                    <disablegpc
                                        jcr:primaryType="nt:unstructured"
                                        sling:resourceType="granite/ui/components/coral/foundation/form/checkbox"
                                        name="./disablegpc"
                                        text="Disable GPC"
                                        value="true"/>
                                    <seo-tags
                                        jcr:primaryType="nt:unstructured"
                                        sling:resourceType="granite/ui/components/coral/foundation/form/multifield"
                                        fieldLabel="Link Tags In Head">
                                        <field
                                            jcr:primaryType="nt:unstructured"
                                            sling:resourceType="granite/ui/components/coral/foundation/form/textfield"
                                            name="./seoTags"/>
                                    </seo-tags>
                                    <cache-urls
                                        jcr:primaryType="nt:unstructured"
                                        sling:resourceType="granite/ui/components/coral/foundation/form/multifield"
                                        fieldLabel="Additional Cache Urls">
                                        <field
                                            jcr:primaryType="nt:unstructured"
                                            sling:resourceType="granite/ui/components/coral/foundation/form/textfield"
                                            name="./cacheUrls"/>
                                    </cache-urls>
                                </items>
                            </column>
                        </items>
                    </custom>
                    <commerce
                        cq:showOnCreate="{Boolean}true"
                        jcr:primaryType="nt:unstructured"
                        jcr:title="Commerce"
                        sling:orderBefore="cloudservices"
                        sling:resourceType="granite/ui/components/coral/foundation/fixedcolumns">
                        <granite:rendercondition
                            jcr:primaryType="nt:unstructured"
                            sling:resourceType="tracfone-core/components/renderconditions/pagetemplate"
                            templatePath="/conf/straighttalk/settings/wcm/templates/landing-page,/conf/tracfone/settings/wcm/templates/landing-page,/conf/tbvz/settings/wcm/templates/landing-page"/>
                        <items jcr:primaryType="nt:unstructured">
                            <column
                                jcr:primaryType="nt:unstructured"
                                sling:resourceType="granite/ui/components/coral/foundation/container">
                                <items jcr:primaryType="nt:unstructured">
                                    <magentoSection
                                        jcr:primaryType="nt:unstructured"
                                        jcr:title="Magento Store Configuration"
                                        sling:resourceType="granite/ui/components/coral/foundation/form/fieldset">
                                        <items jcr:primaryType="nt:unstructured">
                                            <brand
                                                jcr:primaryType="nt:unstructured"
                                                sling:resourceType="granite/ui/components/coral/foundation/form/textfield"
                                                fieldDescription="Brand Name"
                                                fieldLabel="Brand"
                                                name="./brandName"/>
                                        </items>
                                    </magentoSection>
                                </items>
                            </column>
                        </items>
                    </commerce>
                    <seo
                        cq:showOnCreate="{Boolean}false"
                        jcr:primaryType="nt:unstructured"
                        jcr:title="SEO"
                        sling:orderBefore="cloudservices"
                        sling:resourceType="granite/ui/components/coral/foundation/fixedcolumns">
                        <items jcr:primaryType="nt:unstructured">
                            <column
                                jcr:primaryType="nt:unstructured"
                                sling:resourceType="granite/ui/components/coral/foundation/container">
                                <items jcr:primaryType="nt:unstructured">
                                    <seoTitle
                                        jcr:primaryType="nt:unstructured"
                                        sling:resourceType="granite/ui/components/coral/foundation/form/textfield"
                                        fieldLabel="SEO Title"
                                        name="./seoTitle"/>
                                    <seoDescription
                                        jcr:primaryType="nt:unstructured"
                                        sling:resourceType="granite/ui/components/coral/foundation/form/textarea"
                                        fieldLabel="SEO Description"
                                        name="./seoDescription"
                                        renderReadOnly="{Boolean}true"
                                        required="{Boolean}false"/>
                                    <sitemaptags
                                        jcr:primaryType="nt:unstructured"
                                        jcr:title="Site Map Tags"
                                        sling:resourceType="granite/ui/components/coral/foundation/form/fieldset">
                                        <items jcr:primaryType="nt:unstructured">
                                            <changeFreq
                                                jcr:primaryType="nt:unstructured"
                                                sling:resourceType="granite/ui/components/coral/foundation/form/textfield"
                                                fieldDescription="Enter change frequency value for site map."
                                                fieldLabel="Change Frequency Value"
                                                name="./changeFreq"/>
                                            <priority
                                                jcr:primaryType="nt:unstructured"
                                                sling:resourceType="granite/ui/components/coral/foundation/form/textfield"
                                                fieldDescription="Enter page's priority value for site map."
                                                fieldLabel="Priority Value"
                                                name="./priority"/>
                                        </items>
                                    </sitemaptags>
                                    <robotstags
                                        jcr:primaryType="nt:unstructured"
                                        jcr:title="Robots Meta Tags"
                                        sling:resourceType="granite/ui/components/coral/foundation/form/fieldset">
                                        <items jcr:primaryType="nt:unstructured">
                                            <noindex
                                                jcr:primaryType="nt:unstructured"
                                                sling:resourceType="granite/ui/components/coral/foundation/form/checkbox"
                                                fieldDescription="Check to tells a search engine not to index a page"
                                                name="./noIndex"
                                                text="Do not index"
                                                value="yes"/>
                                            <nofollow
                                                jcr:primaryType="nt:unstructured"
                                                sling:resourceType="granite/ui/components/coral/foundation/form/checkbox"
                                                fieldDescription="Check to tells a crawler not to follow any links on a page"
                                                name="./noFollow"
                                                text="Do not follow"
                                                value="yes"/>
                                            <unavailableafter
                                                jcr:primaryType="nt:unstructured"
                                                sling:resourceType="granite/ui/components/coral/foundation/form/datepicker"
                                                displayedFormat="DD-MMM-YYYY HH:mm:ss"
                                                fieldDescription="Select the date to tell Search engines that no longer index this page after a particular date"
                                                fieldLabel="Unavailable After Date"
                                                name="./unavailableAfter"
                                                type="datetime"/>
                                            <canonicalurl
                                                jcr:primaryType="nt:unstructured"
                                                sling:resourceType="granite/ui/components/coral/foundation/form/pathbrowser"
                                                fieldDescription="Select the path for the canonical link"
                                                fieldLabel="Canonical URL"
                                                name="./canonicalURL"
                                                rootPath="/content"/>
                                        </items>
                                    </robotstags>
                                    <oggraphtags
                                        jcr:primaryType="nt:unstructured"
                                        jcr:title="Open Graph Tags"
                                        sling:resourceType="granite/ui/components/coral/foundation/form/fieldset">
                                        <items jcr:primaryType="nt:unstructured">
                                            <ogtitle
                                                jcr:primaryType="nt:unstructured"
                                                sling:resourceType="granite/ui/components/coral/foundation/form/textfield"
                                                fieldDescription="Enter the title of your object as it should appear within the graph"
                                                fieldLabel="OG Title"
                                                name="./ogTitle"/>
                                            <ogdescription
                                                jcr:primaryType="nt:unstructured"
                                                sling:resourceType="granite/ui/components/coral/foundation/form/textarea"
                                                fieldDescription="Enter the description of your web page"
                                                fieldLabel="OG Description"
                                                name="./ogDescription"/>
                                            <ogimage
                                                jcr:primaryType="nt:unstructured"
                                                sling:resourceType="granite/ui/components/coral/foundation/form/pathbrowser"
                                                fieldDescription="Select the image URL which will represent your web page within the social graph"
                                                fieldLabel="OG Image"
                                                name="./ogImage"
                                                rootPath="/content/dam"/>
                                            <ogtype
                                                jcr:primaryType="nt:unstructured"
                                                sling:resourceType="granite/ui/components/coral/foundation/form/select"
                                                fieldDescription="Enter the The type of content featured on the webpage (website, brand, product.group, etc)"
                                                fieldLabel="OG Type"
                                                name="./ogType">
                                                <items jcr:primaryType="nt:unstructured">
                                                    <products
                                                        jcr:primaryType="nt:unstructured"
                                                        text="Products"
                                                        value="products">
                                                        <granite:rendercondition
                                                            jcr:primaryType="nt:unstructured"
                                                            sling:resourceType="tracfone-core/components/renderconditions/pagetemplate"
                                                            templatePath="/conf/straighttalk/settings/wcm/templates/product-page,/conf/tracfone/settings/wcm/templates/product-page,/conf/tbvz/settings/wcm/templates/product-page"/>
                                                    </products>
                                                    <website
                                                        jcr:primaryType="nt:unstructured"
                                                        text="Website"
                                                        value="Website"/>
                                                </items>
                                            </ogtype>
                                        </items>
                                    </oggraphtags>
                                    <twittercards
                                        jcr:primaryType="nt:unstructured"
                                        jcr:title="Twitter Cards"
                                        sling:resourceType="granite/ui/components/coral/foundation/form/fieldset">
                                        <items jcr:primaryType="nt:unstructured">
                                            <twittercard
                                                jcr:primaryType="nt:unstructured"
                                                sling:resourceType="granite/ui/components/coral/foundation/form/select"
                                                fieldDescription="Selcet the type of content , the link at the bottom of your tweet changes"
                                                fieldLabel="Twitter Card"
                                                name="./twitterCard">
                                                <items jcr:primaryType="nt:unstructured">
                                                    <summary
                                                        jcr:primaryType="nt:unstructured"
                                                        text="Summary Card"
                                                        value="summary"/>
                                                    <largesummary
                                                        jcr:primaryType="nt:unstructured"
                                                        text="Summary Card With Large Image"
                                                        value="summary_large_image"/>
                                                    <player
                                                        jcr:primaryType="nt:unstructured"
                                                        text="Player Card"
                                                        value="player"/>
                                                    <app
                                                        jcr:primaryType="nt:unstructured"
                                                        text="App Card"
                                                        value="app"/>
                                                </items>
                                            </twittercard>
                                            <twittertitle
                                                jcr:primaryType="nt:unstructured"
                                                sling:resourceType="granite/ui/components/coral/foundation/form/textfield"
                                                fieldDescription="Enter the title for your article that will show up in bold on Twitter. Use up to 70 characters."
                                                fieldLabel="Twitter Title"
                                                maxlength="{Long}70"
                                                name="./twitterTitle"/>
                                            <twitterdescription
                                                jcr:primaryType="nt:unstructured"
                                                sling:resourceType="granite/ui/components/coral/foundation/form/textarea"
                                                fieldDescription="Enter the description that is showed when a page is shared on Twitter. Twitter limits this part to 200 characters."
                                                fieldLabel="Twitter Description"
                                                maxlength="{Long}200"
                                                name="./twitterDescription"/>
                                            <twitterimage
                                                jcr:primaryType="nt:unstructured"
                                                sling:resourceType="granite/ui/components/coral/foundation/form/pathbrowser"
                                                fieldDescription="Select the image URL to go with your tweet. Twitter allows two options, a card with a smaller or a larger picture. You decide which one you want in the type tag. If you go for the large option, make sure it has a resolution of at least 280x150px and that the file size is not more than 1MB."
                                                fieldLabel="Twitter Image"
                                                name="./twitterImage"
                                                rootPath="/content/dam"/>
                                        </items>
                                    </twittercards>
                                </items>
                            </column>
                        </items>
                    </seo>
                    <seoSchema
                        cq:showOnCreate="{Boolean}true"
                        jcr:primaryType="nt:unstructured"
                        jcr:title="SEO -  Schema"
                        sling:orderBefore="cloudservices"
                        sling:resourceType="granite/ui/components/coral/foundation/fixedcolumns">
                        <items jcr:primaryType="nt:unstructured">
                            <column
                                jcr:primaryType="nt:unstructured"
                                sling:resourceType="granite/ui/components/coral/foundation/container">
                                <items jcr:primaryType="nt:unstructured">
                                    <schema
                                        jcr:primaryType="nt:unstructured"
                                        jcr:title="Schema Org"
                                        sling:resourceType="granite/ui/components/coral/foundation/form/fieldset">
                                        <items jcr:primaryType="nt:unstructured">
                                            <seotype
                                                granite:class="cq-dialog-dropdown-showhide"
                                                jcr:primaryType="nt:unstructured"
                                                sling:resourceType="granite/ui/components/coral/foundation/form/select"
                                                emptyOption="{Boolean}true"
                                                fieldDescription="Select the type"
                                                fieldLabel="Type"
                                                name="./seotype">
                                                <items jcr:primaryType="nt:unstructured">
                                                    <homePage
                                                        jcr:primaryType="nt:unstructured"
                                                        text="Home Page"
                                                        value="homepage"/>
                                                    <content
                                                        jcr:primaryType="nt:unstructured"
                                                        text="Content Page"
                                                        value="content"/>
                                                </items>
                                                <granite:data
                                                    jcr:primaryType="nt:unstructured"
                                                    cq-dialog-dropdown-showhide-target=".list-option-type-showhide-target"/>
                                            </seotype>
                                            <name
                                                jcr:primaryType="nt:unstructured"
                                                sling:resourceType="granite/ui/components/coral/foundation/form/textfield"
                                                fieldDescription="Enter the name"
                                                fieldLabel="Name"
                                                name="./seoPageName"/>
                                            <setLegalName
                                                granite:class="hide list-option-type-showhide-target foundation-layout-util-vmargin"
                                                jcr:primaryType="nt:unstructured"
                                                sling:resourceType="granite/ui/components/coral/foundation/container">
                                                <granite:data
                                                    jcr:primaryType="nt:unstructured"
                                                    showhidetargetvalue="homepage"/>
                                                <items jcr:primaryType="nt:unstructured">
                                                    <legalName
                                                        jcr:primaryType="nt:unstructured"
                                                        sling:resourceType="granite/ui/components/coral/foundation/form/textfield"
                                                        fieldDescription="Enter the legal name"
                                                        fieldLabel="Legal Name"
                                                        name="./legalName"/>
                                                </items>
                                            </setLegalName>
                                            <logoUrl
                                                jcr:primaryType="nt:unstructured"
                                                sling:resourceType="granite/ui/components/coral/foundation/form/pathbrowser"
                                                fieldDescription="Select the logo image url"
                                                fieldLabel="Logo Url"
                                                name="./logoUrl"
                                                rootPath="/content/dam"/>
                                            <setSocialAccount
                                                granite:class="hide list-option-type-showhide-target foundation-layout-util-vmargin"
                                                jcr:primaryType="nt:unstructured"
                                                sling:resourceType="granite/ui/components/coral/foundation/container">
                                                <granite:data
                                                    jcr:primaryType="nt:unstructured"
                                                    showhidetargetvalue="homepage"/>
                                                <items jcr:primaryType="nt:unstructured">
                                                    <socialAccount
                                                        jcr:primaryType="nt:unstructured"
                                                        sling:resourceType="granite/ui/components/coral/foundation/form/multifield"
                                                        composite="{Boolean}true"
                                                        fieldDescription="Click ‘Add’ to add social media account url"
                                                        fieldLabel="Social Media Accounts"
                                                        multifield-max-items="5"
                                                        multifield-min-items="1">
                                                        <field
                                                            jcr:primaryType="nt:unstructured"
                                                            sling:resourceType="granite/ui/components/coral/foundation/container"
                                                            name="./socialAccount">
                                                            <items jcr:primaryType="nt:unstructured">
                                                                <column
                                                                    jcr:primaryType="nt:unstructured"
                                                                    sling:resourceType="granite/ui/components/coral/foundation/container">
                                                                    <items jcr:primaryType="nt:unstructured">
                                                                        <logoUrl
                                                                            jcr:primaryType="nt:unstructured"
                                                                            sling:resourceType="granite/ui/components/coral/foundation/form/pathbrowser"
                                                                            fieldDescription="Enter the social media account url"
                                                                            fieldLabel="Social Media Account"
                                                                            name="./socialAccountUrl"
                                                                            rootPath="/content"/>
                                                                    </items>
                                                                </column>
                                                            </items>
                                                        </field>
                                                    </socialAccount>
                                                </items>
                                            </setSocialAccount>
                                            <disableProductSchemaObj
                                                jcr:primaryType="nt:unstructured"
                                                sling:resourceType="granite/ui/components/coral/foundation/form/checkbox"
                                                checked="{Boolean}true"
                                                defaultValue="{Boolean}false"
                                                fieldDescription="By selecting this check box will ensure there will not be price and inventory calls to create Product Schema Object with SKU info."
                                                name="./disableProductSchemaObj"
                                                text="Disable Product Schema Object creation"
                                                uncheckedValue="{Boolean}false"
                                                value="true">
                                                <granite:rendercondition
                                                    jcr:primaryType="nt:unstructured"
                                                    sling:resourceType="tracfone-core/components/renderconditions/pagetemplate"
                                                    templatePath="/conf/straighttalk/settings/wcm/templates/category-page,/conf/tracfone/settings/wcm/templates/category-page"/>
                                            </disableProductSchemaObj>
                                        </items>
                                    </schema>
                                </items>
                            </column>
                        </items>
                    </seoSchema>
                    <preload
                        cq:lastReplicated="{Date}2024-10-19T07:25:59.742-04:00"
                        cq:lastReplicatedBy="lipi"
                        cq:lastReplicationAction="Activate"
                        cq:showOnCreate="{Boolean}true"
                        jcr:mixinTypes="[cq:ReplicationStatus]"
                        jcr:primaryType="nt:unstructured"
                        jcr:title="Preload"
                        sling:orderBefore="thumbnail"
                        sling:resourceType="granite/ui/components/coral/foundation/fixedcolumns">
                        <items jcr:primaryType="nt:unstructured">
                            <column
                                jcr:primaryType="nt:unstructured"
                                sling:resourceType="granite/ui/components/coral/foundation/container">
                                <items jcr:primaryType="nt:unstructured">
                                    <wofffontpathsforpreload
                                        jcr:primaryType="nt:unstructured"
                                        sling:resourceType="granite/ui/components/coral/foundation/form/multifield"
                                        fieldDescription="Click to add font paths for preload"
                                        fieldLabel="WOFF Font Paths">
                                        <field
                                            jcr:primaryType="nt:unstructured"
                                            sling:resourceType="granite/ui/components/coral/foundation/form/textfield"
                                            name="./woffpathsforpreload"/>
                                    </wofffontpathsforpreload>
                                    <woff2fontpathsforpreload
                                        jcr:primaryType="nt:unstructured"
                                        sling:resourceType="granite/ui/components/coral/foundation/form/multifield"
                                        fieldDescription="Click to add font paths for preload"
                                        fieldLabel="WOFF-2 Font Paths">
                                        <field
                                            jcr:primaryType="nt:unstructured"
                                            sling:resourceType="granite/ui/components/coral/foundation/form/textfield"
                                            name="./woff2pathsforpreload"/>
                                    </woff2fontpathsforpreload>
                                    <ttffontpathsforpreload
                                        jcr:primaryType="nt:unstructured"
                                        sling:resourceType="granite/ui/components/coral/foundation/form/multifield"
                                        fieldDescription="Click to add font paths for preload"
                                        fieldLabel="TTF Font Paths">
                                        <field
                                            jcr:primaryType="nt:unstructured"
                                            sling:resourceType="granite/ui/components/coral/foundation/form/textfield"
                                            name="./ttfpathsforpreload"/>
                                    </ttffontpathsforpreload>
                                    <csspathsforpreload
                                        jcr:primaryType="nt:unstructured"
                                        sling:resourceType="granite/ui/components/coral/foundation/form/multifield"
                                        fieldDescription="Click to add stylesheet paths for preload"
                                        fieldLabel="CSS paths">
                                        <field
                                            jcr:primaryType="nt:unstructured"
                                            sling:resourceType="granite/ui/components/coral/foundation/form/textfield"
                                            name="./csspathsforpreload"/>
                                    </csspathsforpreload>
                                    <assetpathsforpreload
                                        jcr:primaryType="nt:unstructured"
                                        sling:resourceType="granite/ui/components/coral/foundation/form/multifield"
                                        fieldDescription="Click to add asset paths for preload"
                                        fieldLabel="Asset Paths">
                                        <field
                                            jcr:primaryType="nt:unstructured"
                                            sling:resourceType="granite/ui/components/coral/foundation/form/textfield"
                                            name="./assetpathsforpreload"/>
                                    </assetpathsforpreload>
                                </items>
                            </column>
                        </items>
                    </preload>
                    <preconnect
                        cq:showOnCreate="{Boolean}true"
                        jcr:mixinTypes="[cq:ReplicationStatus]"
                        jcr:primaryType="nt:unstructured"
                        jcr:title="Preconnect"
                        sling:orderBefore="thumbnail"
                        sling:resourceType="granite/ui/components/coral/foundation/fixedcolumns">
                        <items jcr:primaryType="nt:unstructured">
                            <column
                                jcr:primaryType="nt:unstructured"
                                sling:resourceType="granite/ui/components/coral/foundation/container">
                                <items jcr:primaryType="nt:unstructured">
                                    <preconnectPath
                                        jcr:primaryType="nt:unstructured"
                                        sling:resourceType="granite/ui/components/coral/foundation/form/multifield"
                                        fieldDescription="Click to add preconnect paths"
                                        fieldLabel="Preconnect Paths">
                                        <field
                                            jcr:primaryType="nt:unstructured"
                                            sling:resourceType="granite/ui/components/coral/foundation/form/textfield"
                                            name="./preconnectPath"/>
                                    </preconnectPath>
                                    <prefetchPath
                                        jcr:primaryType="nt:unstructured"
                                        sling:resourceType="granite/ui/components/coral/foundation/form/multifield"
                                        fieldDescription="Click to add DNS-Prefetch paths"
                                        fieldLabel="DNS-Prefetch Paths">
                                        <field
                                            jcr:primaryType="nt:unstructured"
                                            sling:resourceType="granite/ui/components/coral/foundation/form/textfield"
                                            name="./dnsprefetchPath"/>
                                    </prefetchPath>
                                </items>
                            </column>
                        </items>
                    </preconnect>
                </items>
            </tabs>
        </items>
    </content>
</jcr:root>
