<?xml version="1.0" encoding="UTF-8"?>
<workspaceFilter version="1.0">
    <filter root="/conf/value-aem" mode="merge"/>
    <filter root="/content/value-aem" mode="merge"/>
    <filter root="/content/dam/value-aem" mode="merge">
        <exclude pattern="/content/dam/value-aem(/.*)?"/>
        <include pattern="/content/dam/value-aem/jcr:content(/.*)?"/>
    </filter>
    <filter root="/content/dam/value-aem/asset.jpg" mode="merge"/>
    <filter root="/content/experience-fragments/value-aem" mode="merge"/>
</workspaceFilter>
