<?xml version="1.0" encoding="UTF-8"?>
<jcr:root xmlns:sling="http://sling.apache.org/jcr/sling/1.0" xmlns:cq="http://www.day.com/jcr/cq/1.0" xmlns:jcr="http://www.jcp.org/jcr/1.0" xmlns:nt="http://www.jcp.org/jcr/nt/1.0" xmlns:rep="internal"
    jcr:mixinTypes="[rep:AccessControllable]"
    jcr:primaryType="cq:Page">
    <rep:policy/>
    <value-aem jcr:primaryType="nt:unstructured">
        <components jcr:primaryType="nt:unstructured">
            <form jcr:primaryType="nt:unstructured">
                <container jcr:primaryType="nt:unstructured">
                    <form-container
                        jcr:description="Allows the form components to be dropped into this core form container."
                        jcr:primaryType="nt:unstructured"
                        jcr:title="Content Form"
                        sling:resourceType="wcm/core/components/policy/policy"
                        components="[/apps/value-aem/components/form/button,/apps/value-aem/components/form/hidden,/apps/value-aem/components/form/options,/apps/value-aem/components/form/text]">
                        <jcr:content jcr:primaryType="nt:unstructured"/>
                    </form-container>
                </container>
            </form>
            <languagenavigation jcr:primaryType="nt:unstructured">
                <policy_xfm
                    jcr:primaryType="nt:unstructured"
                    jcr:title="Value AEM Language Navigation - Experience Fragment"
                    sling:resourceType="wcm/core/components/policy/policy"
                    navigationRoot="/content/value-aem"
                    structureDepth="1">
                    <jcr:content jcr:primaryType="nt:unstructured"/>
                </policy_xfm>
            </languagenavigation>
            <image jcr:primaryType="nt:unstructured">
                <policy_651483963895698
                    jcr:description="- Enable lazy loading for faster page loading.&#xd;&#xa;- Define allowed image widths for automatic loading of the image in the most optimal resolution, given the size at which each image is displayed on the page, and the visitor's pixel density.&#xd;&#xa;- Disallow direct asset upload, to force authors to first upload the images to Assets."
                    jcr:primaryType="nt:unstructured"
                    jcr:title="Content Image"
                    sling:resourceType="wcm/core/components/policy/policy"
                    allowedRenditionWidths="[320,480,600,800,1024,1200,1600]"
                    allowUpload="false"
                    altValueFromDAM="true"
                    disableLazyLoading="false"
                    displayPopupTitle="true"
                    isDecorative="false"
                    jpegQuality="{Long}85"
                    titleValueFromDAM="true"
                    uuidDisabled="true">
                    <jcr:content jcr:primaryType="nt:unstructured"/>
                    <plugins jcr:primaryType="nt:unstructured">
                        <crop
                            jcr:primaryType="nt:unstructured"
                            features="*">
                            <aspectRatios jcr:primaryType="nt:unstructured">
                                <item0
                                    jcr:primaryType="nt:unstructured"
                                    name="Wide Landscape"
                                    ratio="0.6180"/>
                                <item1
                                    jcr:primaryType="nt:unstructured"
                                    name="Landscape"
                                    ratio="0.8284"/>
                                <item2
                                    jcr:primaryType="nt:unstructured"
                                    name="Square"
                                    ratio="1"/>
                                <item3
                                    jcr:primaryType="nt:unstructured"
                                    name="Portrait"
                                    ratio="1.6180"/>
                            </aspectRatios>
                        </crop>
                        <rotate
                            jcr:primaryType="nt:unstructured"
                            features="right"/>
                        <flip
                            jcr:primaryType="nt:unstructured"
                            features="-"/>
                    </plugins>
                </policy_651483963895698>
            </image>
            <text jcr:primaryType="nt:unstructured">
                <policy_641562756958017
                    jcr:primaryType="nt:unstructured"
                    jcr:title="Content Text"
                    sling:resourceType="wcm/core/components/policy/policy">
                    <jcr:content jcr:primaryType="nt:unstructured"/>
                    <rtePlugins jcr:primaryType="nt:unstructured">
                        <paraformat
                            jcr:primaryType="nt:unstructured"
                            features="*">
                            <formats
                                jcr:primaryType="nt:unstructured"
                                override="true">
                                <item0
                                    jcr:primaryType="nt:unstructured"
                                    description="Paragraph"
                                    tag="p"/>
                                <item1
                                    jcr:primaryType="nt:unstructured"
                                    description="Quote"
                                    tag="blockquote"/>
                                <item2
                                    jcr:primaryType="nt:unstructured"
                                    description="Preformatted"
                                    tag="pre"/>
                            </formats>
                        </paraformat>
                        <misctools
                            jcr:primaryType="nt:unstructured"
                            features="-">
                            <specialCharsConfig jcr:primaryType="nt:unstructured">
                                <chars
                                    jcr:primaryType="nt:unstructured"
                                    override="true">
                                    <item0
                                        jcr:primaryType="nt:unstructured"
                                        entity="&amp;copy;"
                                        name="copyright"/>
                                    <item1
                                        jcr:primaryType="nt:unstructured"
                                        entity="&amp;euro;"
                                        name="euro"/>
                                    <item2
                                        jcr:primaryType="nt:unstructured"
                                        entity="&amp;reg;"
                                        name="registered"/>
                                    <item3
                                        jcr:primaryType="nt:unstructured"
                                        entity="&amp;trade;"
                                        name="trademark"/>
                                </chars>
                            </specialCharsConfig>
                        </misctools>
                        <edit
                            jcr:primaryType="nt:unstructured"
                            features="-"/>
                        <findreplace
                            jcr:primaryType="nt:unstructured"
                            features="-"/>
                        <undo
                            jcr:primaryType="nt:unstructured"
                            features="-"/>
                        <spellcheck
                            jcr:primaryType="nt:unstructured"
                            features="-"/>
                        <image
                            jcr:primaryType="nt:unstructured"
                            features="-"/>
                        <table
                            jcr:primaryType="nt:unstructured"
                            features="-"/>
                        <lists
                            jcr:primaryType="nt:unstructured"
                            features="*"/>
                        <justify
                            jcr:primaryType="nt:unstructured"
                            features="-"/>
                        <format
                            jcr:primaryType="nt:unstructured"
                            features="bold,italic"/>
                        <links
                            jcr:primaryType="nt:unstructured"
                            features="modifylink,unlink"/>
                        <subsuperscript
                            jcr:primaryType="nt:unstructured"
                            features="-"/>
                    </rtePlugins>
                </policy_641562756958017>
            </text>
            <title jcr:primaryType="nt:unstructured">
                <policy_641475696923109
                    jcr:description="Allows only H1 and disallows links for the main page title."
                    jcr:primaryType="nt:unstructured"
                    jcr:title="Page Title"
                    sling:resourceType="wcm/core/components/policy/policy"
                    allowedTypes="h1"
                    linkDisabled="true"
                    type="h1">
                    <jcr:content jcr:primaryType="nt:unstructured"/>
                </policy_641475696923109>
                <policy_641528232375303
                    jcr:description="Allows all sizes, but not H1, which is reserved for the main page title."
                    jcr:primaryType="nt:unstructured"
                    jcr:title="Content Title"
                    sling:resourceType="wcm/core/components/policy/policy"
                    allowedTypes="[h2,h3,h4,h5,h6]"
                    linkDisabled="false"
                    type="h2">
                    <jcr:content jcr:primaryType="nt:unstructured"/>
                </policy_641528232375303>
            </title>
            <experiencefragment jcr:primaryType="nt:unstructured">
                <policy_header
                    cq:styleDefaultElement="header"
                    jcr:description="Sets a &lt;header> element on the page header experience fragment."
                    jcr:primaryType="nt:unstructured"
                    jcr:title="Page Header"
                    sling:resourceType="wcm/core/components/policy/policy">
                    <jcr:content jcr:primaryType="nt:unstructured"/>
                </policy_header>
                <policy_footer
                    cq:styleDefaultElement="footer"
                    jcr:description="Sets a &lt;footer> element on the page footer experience fragment."
                    jcr:primaryType="nt:unstructured"
                    jcr:title="Page Footer"
                    sling:resourceType="wcm/core/components/policy/policy">
                    <jcr:content jcr:primaryType="nt:unstructured"/>
                </policy_footer>
            </experiencefragment>
            <container jcr:primaryType="nt:unstructured">
                <policy_1574694950110
                    jcr:description="Allows the template components and defines the component mapping (this configures what components should be automatically created when authors drop assets from the content finder to the page editor)."
                    jcr:primaryType="nt:unstructured"
                    jcr:title="Page Root"
                    sling:resourceType="wcm/core/components/policy/policy"
                    components="[group:Value AEM - Content,/apps/value-aem/components/form/container,group:Value AEM - Structure]">
                    <jcr:content jcr:primaryType="nt:unstructured"/>
                    <cq:authoring jcr:primaryType="nt:unstructured">
                        <assetToComponentMapping jcr:primaryType="nt:unstructured">
                            <mapping_1575024218483
                                jcr:primaryType="nt:unstructured"
                                assetGroup="media"
                                assetMimetype="image/*"
                                droptarget="image"
                                resourceType="value-aem/components/image"/>
                            <mapping_1575030843388
                                jcr:primaryType="nt:unstructured"
                                assetGroup="content"
                                assetMimetype="text/html"
                                droptarget="experiencefragment"
                                resourceType="value-aem/components/experiencefragment"/>
                            <mapping_1575030853128
                                jcr:primaryType="nt:unstructured"
                                assetGroup="media"
                                assetMimetype="[text/html,application/vnd.adobe.contentfragment]"
                                droptarget="contentfragment"
                                resourceType="value-aem/components/contentfragment"/>
                        </assetToComponentMapping>
                    </cq:authoring>
                </policy_1574694950110>
                <policy_1574695586800
                    jcr:lastModified="{Date}2025-02-28T15:21:56.715-07:00"
                    jcr:lastModifiedBy="admin"
                    jcr:primaryType="nt:unstructured"
                    jcr:title="Straighttalk Policy"
                    sling:resourceType="wcm/core/components/policy/policy"
                    components="[group:Value AEM - Content,/apps/value-aem/components/form/container]"
                    layout="responsiveGrid"
                    layoutDisabled="false">
                    <jcr:content jcr:primaryType="nt:unstructured"/>
                    <cq:authoring jcr:primaryType="nt:unstructured">
                        <assetToComponentMapping jcr:primaryType="nt:unstructured"/>
                    </cq:authoring>
                </policy_1574695586800>
                <policy_649128221558427
                    cq:styleDefaultElement="main"
                    jcr:description="Sets a &lt;main> element on the page content area."
                    jcr:primaryType="nt:unstructured"
                    jcr:title="Page Main"
                    sling:resourceType="wcm/core/components/policy/policy">
                    <jcr:content jcr:primaryType="nt:unstructured"/>
                </policy_649128221558427>
                <policy_1575040440977
                    jcr:description="Allows the template components and defines the component mapping (this configures what components should be automatically created when authors drop assets from the content finder to the page editor)."
                    jcr:primaryType="nt:unstructured"
                    jcr:title="XF Root"
                    sling:resourceType="wcm/core/components/policy/policy"
                    components="[group:Value AEM - Content,/apps/value-aem/components/form/container]">
                    <jcr:content jcr:primaryType="nt:unstructured"/>
                    <cq:authoring jcr:primaryType="nt:unstructured">
                        <assetToComponentMapping jcr:primaryType="nt:unstructured">
                            <mapping_1575024218483
                                jcr:primaryType="nt:unstructured"
                                assetGroup="media"
                                assetMimetype="image/*"
                                droptarget="image"
                                resourceType="value-aem/components/image"/>
                            <mapping_1575030843388
                                jcr:primaryType="nt:unstructured"
                                assetGroup="content"
                                assetMimetype="text/html"
                                droptarget="experiencefragment"
                                resourceType="value-aem/components/experiencefragment"/>
                            <mapping_1575030853128
                                jcr:primaryType="nt:unstructured"
                                assetGroup="media"
                                assetMimetype="[text/html,application/vnd.adobe.contentfragment]"
                                droptarget="contentfragment"
                                resourceType="value-aem/components/contentfragment"/>
                        </assetToComponentMapping>
                    </cq:authoring>
                </policy_1575040440977>
                <policy_242523789381400
                    jcr:lastModified="{Date}2025-02-27T09:01:04.952-07:00"
                    jcr:lastModifiedBy="admin"
                    jcr:primaryType="nt:unstructured"
                    jcr:title="Cardcontainer Policy"
                    sling:resourceType="wcm/core/components/policy/policy"
                    columns="8"
                    layoutDisabled="false">
                    <jcr:content jcr:primaryType="nt:unstructured"/>
                </policy_242523789381400>
            </container>
            <teaser jcr:primaryType="nt:unstructured">
                <policy_1575031387650
                    jcr:description="Sets the title size to H3."
                    jcr:primaryType="nt:unstructured"
                    jcr:title="Content Teaser"
                    sling:resourceType="wcm/core/components/policy/policy"
                    titleType="h3">
                    <jcr:content jcr:primaryType="nt:unstructured"/>
                </policy_1575031387650>
            </teaser>
            <download jcr:primaryType="nt:unstructured">
                <policy_1575032193319
                    jcr:description="Sets the title size to H3."
                    jcr:primaryType="nt:unstructured"
                    jcr:title="Content Download"
                    sling:resourceType="wcm/core/components/policy/policy"
                    allowUpload="false"
                    displayFilename="true"
                    displayFormat="true"
                    displaySize="true"
                    titleType="h3">
                    <jcr:content jcr:primaryType="nt:unstructured"/>
                </policy_1575032193319>
            </download>
            <page jcr:primaryType="nt:unstructured">
                <policy
                    jcr:description="Includes the required client libraries."
                    jcr:primaryType="nt:unstructured"
                    jcr:title="Generic Page"
                    sling:resourceType="wcm/core/components/policy/policy"
                    clientlibs="[value-aem.dependencies,value-aem.site]"
                    clientlibsJsHead="value-aem.dependencies">
                    <jcr:content jcr:primaryType="nt:unstructured"/>
                </policy>
            </page>
            <core jcr:primaryType="nt:unstructured">
                <container jcr:primaryType="nt:unstructured">
                    <policy_1740543651752
                        jcr:lastModified="{Date}2025-03-06T15:36:02.821-07:00"
                        jcr:lastModifiedBy="admin"
                        jcr:primaryType="nt:unstructured"
                        jcr:title="tbvz-policy"
                        sling:resourceType="wcm/core/components/policy/policy"
                        components="[group:Value AEM - Content]"
                        layoutDisabled="false">
                        <jcr:content jcr:primaryType="nt:unstructured"/>
                    </policy_1740543651752>
                    <policy_33431100456625
                        jcr:lastModified="{Date}2025-02-26T10:04:49.077+05:30"
                        jcr:lastModifiedBy="admin"
                        jcr:primaryType="nt:unstructured"
                        jcr:title="tbvz-policy"
                        sling:resourceType="wcm/core/components/policy/policy"
                        components="group:Value AEM - Content"
                        layoutDisabled="false">
                        <jcr:content jcr:primaryType="nt:unstructured"/>
                    </policy_33431100456625>
                    <policy_34391382276666
                        jcr:lastModified="{Date}2025-02-26T10:20:38.640+05:30"
                        jcr:lastModifiedBy="admin"
                        jcr:primaryType="nt:unstructured"
                        jcr:title="tbvz-policy"
                        sling:resourceType="wcm/core/components/policy/policy"
                        components="group:Value AEM - Content"
                        layoutDisabled="false">
                        <jcr:content jcr:primaryType="nt:unstructured"/>
                    </policy_34391382276666>
                </container>
                <content jcr:primaryType="nt:unstructured">
                    <herobanner jcr:primaryType="nt:unstructured">
                        <policy_33480220970333
                            jcr:lastModified="{Date}2025-02-27T21:25:00.789+05:30"
                            jcr:lastModifiedBy="admin"
                            jcr:primaryType="nt:unstructured"
                            jcr:title="herobannerpolicy"
                            sling:resourceType="wcm/core/components/policy/policy">
                            <jcr:content jcr:primaryType="nt:unstructured"/>
                            <cq:styleGroups jcr:primaryType="nt:unstructured">
                                <item0
                                    cq:styleGroupLabel="TextAlignment"
                                    jcr:primaryType="nt:unstructured">
                                    <cq:styles jcr:primaryType="nt:unstructured">
                                        <item0
                                            cq:styleClasses="content-center"
                                            cq:styleId="1740544820443"
                                            cq:styleLabel="Center"
                                            jcr:primaryType="nt:unstructured"/>
                                    </cq:styles>
                                </item0>
                                <item1
                                    cq:styleGroupLabel="Theme"
                                    jcr:primaryType="nt:unstructured">
                                    <cq:styles jcr:primaryType="nt:unstructured">
                                        <item0
                                            cq:styleClasses="hero-wrapper-light"
                                            cq:styleId="1740671619826"
                                            cq:styleLabel="light"
                                            jcr:primaryType="nt:unstructured"/>
                                        <item1
                                            cq:styleClasses="hero-wrapper-dark"
                                            cq:styleId="1740671623161"
                                            cq:styleLabel="dark"
                                            jcr:primaryType="nt:unstructured"/>
                                    </cq:styles>
                                </item1>
                            </cq:styleGroups>
                        </policy_33480220970333>
                    </herobanner>
                    <button jcr:primaryType="nt:unstructured">
                        <policy_34467615670333
                            jcr:lastModified="{Date}2025-02-26T10:27:46.402+05:30"
                            jcr:lastModifiedBy="admin"
                            jcr:primaryType="nt:unstructured"
                            jcr:title="button policy"
                            sling:resourceType="wcm/core/components/policy/policy">
                            <jcr:content jcr:primaryType="nt:unstructured"/>
                            <cq:styleGroups jcr:primaryType="nt:unstructured">
                                <item0
                                    cq:styleGroupLabel="Size"
                                    jcr:primaryType="nt:unstructured">
                                    <cq:styles jcr:primaryType="nt:unstructured">
                                        <item0
                                            cq:styleClasses="large"
                                            cq:styleId="1740499598556"
                                            cq:styleLabel="Large"
                                            jcr:primaryType="nt:unstructured"/>
                                        <item1
                                            cq:styleClasses="small"
                                            cq:styleId="1740499605293"
                                            cq:styleLabel="Small"
                                            jcr:primaryType="nt:unstructured"/>
                                        <item2
                                            cq:styleClasses="extra-small"
                                            cq:styleId="1740499606058"
                                            cq:styleLabel="Extra-Small"
                                            jcr:primaryType="nt:unstructured"/>
                                        <item3
                                            cq:styleClasses="medium"
                                            cq:styleId="1740499606652"
                                            cq:styleLabel="Medium"
                                            jcr:primaryType="nt:unstructured"/>
                                    </cq:styles>
                                </item0>
                                <item1
                                    cq:styleGroupLabel="Color"
                                    jcr:primaryType="nt:unstructured">
                                    <cq:styles jcr:primaryType="nt:unstructured">
                                        <item0
                                            cq:styleClasses="primary-btn"
                                            cq:styleId="1740499959803"
                                            cq:styleLabel="Primary Button (Teal Green)"
                                            jcr:primaryType="nt:unstructured"/>
                                        <item1
                                            cq:styleClasses="secondary-btn"
                                            cq:styleId="1740499983388"
                                            cq:styleLabel="Secondary Button (White Background)"
                                            jcr:primaryType="nt:unstructured"/>
                                        <item2
                                            cq:styleClasses="tertiary-btn"
                                            cq:styleId="1740499987068"
                                            cq:styleLabel="Tertiary Button"
                                            jcr:primaryType="nt:unstructured"/>
                                        <item3
                                            cq:styleClasses="tertiary-flipped-btn"
                                            cq:styleId="1740499998504"
                                            cq:styleLabel="Tertiary White Button"
                                            jcr:primaryType="nt:unstructured"/>
                                        <item4
                                            cq:styleClasses="secondary-black-outline-btn"
                                            cq:styleId="1740500005373"
                                            cq:styleLabel="Secondary Button (Transparent and Black border)"
                                            jcr:primaryType="nt:unstructured"/>
                                        <item5
                                            cq:styleClasses="secondary-white-outline-btn"
                                            cq:styleId="1740500012355"
                                            cq:styleLabel="Secondary Button (Transparent and White Border)"
                                            jcr:primaryType="nt:unstructured"/>
                                    </cq:styles>
                                </item1>
                                <item2
                                    cq:styleGroupLabel="Alignment"
                                    jcr:primaryType="nt:unstructured">
                                    <cq:styles jcr:primaryType="nt:unstructured">
                                        <item0
                                            cq:styleClasses="text-center"
                                            cq:styleId="1740500062104"
                                            cq:styleLabel="Center"
                                            jcr:primaryType="nt:unstructured"/>
                                    </cq:styles>
                                </item2>
                                <item3
                                    cq:styleGroupLabel="Padding"
                                    cq:styleGroupMultiple="true"
                                    jcr:primaryType="nt:unstructured">
                                    <cq:styles jcr:primaryType="nt:unstructured">
                                        <item0
                                            cq:styleClasses="pt-40"
                                            cq:styleId="1740500089286"
                                            cq:styleLabel="Top 40"
                                            jcr:primaryType="nt:unstructured"/>
                                        <item1
                                            cq:styleClasses="pb-40"
                                            cq:styleId="1740500103385"
                                            cq:styleLabel="Bottom 40"
                                            jcr:primaryType="nt:unstructured"/>
                                        <item2
                                            cq:styleClasses="pt-80"
                                            cq:styleId="1740500111368"
                                            cq:styleLabel="Top 80"
                                            jcr:primaryType="nt:unstructured"/>
                                        <item3
                                            cq:styleClasses="pb-80"
                                            cq:styleId="1740500120418"
                                            cq:styleLabel="Bottom 80"
                                            jcr:primaryType="nt:unstructured"/>
                                    </cq:styles>
                                </item3>
                                <item4
                                    cq:styleGroupLabel="Margin"
                                    cq:styleGroupMultiple="true"
                                    jcr:primaryType="nt:unstructured">
                                    <cq:styles jcr:primaryType="nt:unstructured">
                                        <item0
                                            cq:styleClasses="mt-20"
                                            cq:styleId="1740500158867"
                                            cq:styleLabel="Top 20"
                                            jcr:primaryType="nt:unstructured"/>
                                        <item1
                                            cq:styleClasses="mb-20"
                                            cq:styleId="1740500165246"
                                            cq:styleLabel="Bottom 20"
                                            jcr:primaryType="nt:unstructured"/>
                                    </cq:styles>
                                </item4>
                                <item5
                                    cq:styleGroupLabel="Background"
                                    jcr:primaryType="nt:unstructured">
                                    <cq:styles jcr:primaryType="nt:unstructured">
                                        <item0
                                            cq:styleClasses="bg-white"
                                            cq:styleId="1740500194363"
                                            cq:styleLabel="White"
                                            jcr:primaryType="nt:unstructured"/>
                                    </cq:styles>
                                </item5>
                                <item6
                                    cq:styleGroupLabel="Color Themes"
                                    jcr:primaryType="nt:unstructured">
                                    <cq:styles jcr:primaryType="nt:unstructured">
                                        <item0
                                            cq:styleClasses="cmn-btn-dark"
                                            cq:styleId="1740500213714"
                                            cq:styleLabel="Dark"
                                            jcr:primaryType="nt:unstructured"/>
                                        <item1
                                            cq:styleClasses="cmn-btn-light"
                                            cq:styleId="1740500215127"
                                            cq:styleLabel="Light"
                                            jcr:primaryType="nt:unstructured"/>
                                        <item2
                                            cq:styleClasses="cmn-btn-red"
                                            cq:styleId="1740500215925"
                                            cq:styleLabel="Red"
                                            jcr:primaryType="nt:unstructured"/>
                                        <item3
                                            cq:styleClasses="cmn-btn-yellow"
                                            cq:styleId="1740500217309"
                                            cq:styleLabel="Yellow"
                                            jcr:primaryType="nt:unstructured"/>
                                        <item4
                                            cq:styleClasses="cmn-btn-teal"
                                            cq:styleId="1740500218061"
                                            cq:styleLabel="teal"
                                            jcr:primaryType="nt:unstructured"/>
                                    </cq:styles>
                                </item6>
                            </cq:styleGroups>
                        </policy_34467615670333>
                    </button>
                    <container jcr:primaryType="nt:unstructured">
                        <policy_1740677800259
                            jcr:lastModified="{Date}2025-03-06T20:51:52.759-07:00"
                            jcr:lastModifiedBy="admin"
                            jcr:primaryType="nt:unstructured"
                            jcr:title="column"
                            sling:resourceType="wcm/core/components/policy/policy"
                            layout="responsiveGrid"
                            layoutDisabled="false">
                            <jcr:content jcr:primaryType="nt:unstructured"/>
                        </policy_1740677800259>
                        <policy_1741319599550
                            jcr:lastModified="{Date}2025-03-06T20:53:59.497-07:00"
                            jcr:lastModifiedBy="admin"
                            jcr:primaryType="nt:unstructured"
                            jcr:title="Value Container"
                            sling:resourceType="wcm/core/components/policy/policy"
                            components="group:Value AEM - Content"
                            layoutDisabled="false">
                            <jcr:content jcr:primaryType="nt:unstructured"/>
                        </policy_1741319599550>
                    </container>
                    <card jcr:primaryType="nt:unstructured">
                        <policy_1740686936238
                            jcr:lastModified="{Date}2025-03-03T17:58:20.348-07:00"
                            jcr:lastModifiedBy="admin"
                            jcr:primaryType="nt:unstructured"
                            jcr:title="Cards Policy"
                            sling:resourceType="wcm/core/components/policy/policy">
                            <jcr:content jcr:primaryType="nt:unstructured"/>
                            <cq:styleGroups jcr:primaryType="nt:unstructured">
                                <item0
                                    cq:styleGroupLabel="Card Types"
                                    cq:styleGroupMultiple="true"
                                    jcr:primaryType="nt:unstructured">
                                    <cq:styles jcr:primaryType="nt:unstructured">
                                        <item0
                                            cq:styleClasses="disnep"
                                            cq:styleId="1740691028375"
                                            cq:styleLabel="disnep"
                                            jcr:primaryType="nt:unstructured"/>
                                        <item1
                                            cq:styleClasses="z-bg-blue"
                                            cq:styleId="1740691042336"
                                            cq:styleLabel="z-bg-blue"
                                            jcr:primaryType="nt:unstructured"/>
                                        <item2
                                            cq:styleClasses="z-bg-white"
                                            cq:styleId="1740691879473"
                                            cq:styleLabel="z-bg-white"
                                            jcr:primaryType="nt:unstructured"/>
                                        <item3
                                            cq:styleClasses="network"
                                            cq:styleId="1740692409309"
                                            cq:styleLabel="network"
                                            jcr:primaryType="nt:unstructured"/>
                                        <item4
                                            cq:styleClasses="ultra-network"
                                            cq:styleId="1740692420007"
                                            cq:styleLabel="ultra-network"
                                            jcr:primaryType="nt:unstructured"/>
                                        <item5
                                            cq:styleClasses="data"
                                            cq:styleId="1740706243374"
                                            cq:styleLabel="home-internet"
                                            jcr:primaryType="nt:unstructured"/>
                                        <item6
                                            cq:styleClasses="z-bg-mint"
                                            cq:styleId="1740706289222"
                                            cq:styleLabel="z-bg-mint"
                                            jcr:primaryType="nt:unstructured"/>
                                        <item7
                                            cq:styleClasses="offer"
                                            cq:styleId="1740709508957"
                                            cq:styleLabel="offer"
                                            jcr:primaryType="nt:unstructured"/>
                                        <item8
                                            cq:styleClasses="give-us-light"
                                            cq:styleId="1740769382216"
                                            cq:styleLabel="highlight teaser"
                                            jcr:primaryType="nt:unstructured"/>
                                        <item9
                                            cq:styleClasses="large-teaser"
                                            cq:styleId="1741043165129"
                                            cq:styleLabel="Large Teaser"
                                            jcr:primaryType="nt:unstructured"/>
                                    </cq:styles>
                                </item0>
                                <item1
                                    cq:styleGroupLabel="Button Styles"
                                    jcr:primaryType="nt:unstructured">
                                    <cq:styles jcr:primaryType="nt:unstructured">
                                        <item0
                                            cq:styleClasses="arrow-forward-black"
                                            cq:styleId="1740694248490"
                                            cq:styleLabel="arrow-forward"
                                            jcr:primaryType="nt:unstructured"/>
                                        <item1
                                            cq:styleClasses="arrow-forward-white"
                                            cq:styleId="1740701856708"
                                            cq:styleLabel="arrow-forward-white"
                                            jcr:primaryType="nt:unstructured"/>
                                        <item2
                                            cq:styleClasses="cta-button"
                                            cq:styleId="1740960534935"
                                            cq:styleLabel="CTA button"
                                            jcr:primaryType="nt:unstructured"/>
                                        <item3
                                            cq:styleClasses="red-cta-button"
                                            cq:styleId="1741049158555"
                                            cq:styleLabel="Red Button"
                                            jcr:primaryType="nt:unstructured"/>
                                    </cq:styles>
                                </item1>
                                <item2
                                    cq:styleGroupLabel="Alignment"
                                    jcr:primaryType="nt:unstructured">
                                    <cq:styles jcr:primaryType="nt:unstructured">
                                        <item0
                                            cq:styleClasses="reverse"
                                            cq:styleId="1740695313900"
                                            cq:styleLabel="image-reverse"
                                            jcr:primaryType="nt:unstructured"/>
                                        <item1
                                            cq:styleClasses="image-left"
                                            cq:styleId="1740706451071"
                                            cq:styleLabel="image-left"
                                            jcr:primaryType="nt:unstructured"/>
                                    </cq:styles>
                                </item2>
                                <item3
                                    cq:styleGroupLabel="Text Color"
                                    jcr:primaryType="nt:unstructured">
                                    <cq:styles jcr:primaryType="nt:unstructured">
                                        <item0
                                            cq:styleClasses="red-text"
                                            cq:styleId="1741047237361"
                                            cq:styleLabel="Red"
                                            jcr:primaryType="nt:unstructured"/>
                                        <item1
                                            cq:styleClasses="yellow"
                                            cq:styleId="1741047245087"
                                            cq:styleLabel="Yellow"
                                            jcr:primaryType="nt:unstructured"/>
                                    </cq:styles>
                                </item3>
                            </cq:styleGroups>
                        </policy_1740686936238>
                        <policy_351256914453800
                            jcr:lastModified="{Date}2025-03-03T14:13:44.784-07:00"
                            jcr:lastModifiedBy="admin"
                            jcr:primaryType="nt:unstructured"
                            jcr:title="Straighttalk Card Policy"
                            sling:resourceType="wcm/core/components/policy/policy">
                            <jcr:content jcr:primaryType="nt:unstructured"/>
                            <cq:styleGroups jcr:primaryType="nt:unstructured">
                                <item0
                                    cq:styleGroupLabel="Card types"
                                    jcr:primaryType="nt:unstructured">
                                    <cq:styles jcr:primaryType="nt:unstructured">
                                        <item0
                                            cq:styleClasses="short-teaser"
                                            cq:styleId="1740780676818"
                                            cq:styleLabel="Short Teaser"
                                            jcr:primaryType="nt:unstructured"/>
                                        <item1
                                            cq:styleClasses="no-border-card"
                                            cq:styleId="1740961088390"
                                            cq:styleLabel="No Border Teaser"
                                            jcr:primaryType="nt:unstructured"/>
                                        <item2
                                            cq:styleClasses="huge-card"
                                            cq:styleId="1741030396835"
                                            cq:styleLabel="Huge Cards"
                                            jcr:primaryType="nt:unstructured"/>
                                    </cq:styles>
                                </item0>
                                <item1
                                    cq:styleGroupLabel="Button Types"
                                    jcr:primaryType="nt:unstructured">
                                    <cq:styles jcr:primaryType="nt:unstructured">
                                        <item0
                                            cq:styleClasses="cta-button"
                                            cq:styleId="1740961752048"
                                            cq:styleLabel="CTA Button"
                                            jcr:primaryType="nt:unstructured"/>
                                        <item1
                                            cq:styleClasses="green-button"
                                            cq:styleId="1741036411265"
                                            cq:styleLabel="Green Button"
                                            jcr:primaryType="nt:unstructured"/>
                                    </cq:styles>
                                </item1>
                                <item2
                                    cq:styleGroupLabel="Background"
                                    jcr:primaryType="nt:unstructured">
                                    <cq:styles jcr:primaryType="nt:unstructured">
                                        <item0
                                            cq:styleClasses="bg-black"
                                            cq:styleId="1741033397711"
                                            cq:styleLabel="Black"
                                            jcr:primaryType="nt:unstructured"/>
                                    </cq:styles>
                                </item2>
                            </cq:styleGroups>
                        </policy_351256914453800>
                    </card>
                </content>
            </core>
        </components>
    </value-aem>
    <wcm jcr:primaryType="nt:unstructured">
        <foundation jcr:primaryType="nt:unstructured">
            <components jcr:primaryType="nt:unstructured">
                <responsivegrid jcr:primaryType="nt:unstructured"/>
            </components>
        </foundation>
    </wcm>
</jcr:root>
