<?xml version="1.0" encoding="UTF-8"?>
<jcr:root xmlns:sling="http://sling.apache.org/jcr/sling/1.0" xmlns:granite="http://www.adobe.com/jcr/granite/1.0" xmlns:cq="http://www.day.com/jcr/cq/1.0" xmlns:jcr="http://www.jcp.org/jcr/1.0" xmlns:nt="http://www.jcp.org/jcr/nt/1.0"
    jcr:primaryType="nt:unstructured"
    jcr:title="Button"
    sling:resourceType="cq/gui/components/authoring/dialog"
    helpPath="https://www.adobe.com/go/aem_cmp_button_v1"
    trackingFeature="core-components:button:v1">
    <content
        granite:class="cmp-button__editor"
        jcr:primaryType="nt:unstructured"
        sling:resourceType="granite/ui/components/coral/foundation/container">
        <items jcr:primaryType="nt:unstructured">
            <tabs
                jcr:primaryType="nt:unstructured"
                sling:resourceType="granite/ui/components/coral/foundation/tabs"
                maximized="{Boolean}true">
                <items jcr:primaryType="nt:unstructured">
                    <properties
                        jcr:primaryType="nt:unstructured"
                        jcr:title="Properties"
                        sling:resourceType="granite/ui/components/coral/foundation/container"
                        margin="{Boolean}true">
                        <items jcr:primaryType="nt:unstructured">
                            <columns
                                jcr:primaryType="nt:unstructured"
                                sling:resourceType="granite/ui/components/coral/foundation/fixedcolumns"
                                margin="{Boolean}true">
                                <items jcr:primaryType="nt:unstructured">
                                    <column
                                        jcr:primaryType="nt:unstructured"
                                        sling:resourceType="granite/ui/components/coral/foundation/container">
                                        <items jcr:primaryType="nt:unstructured">
                                            <ctaType
                                                granite:class="cq-dialog-dropdown-showhide-multival"
                                                jcr:primaryType="nt:unstructured"
                                                sling:resourceType="granite/ui/components/coral/foundation/form/select"
                                                fieldLabel="Button Type"
                                                name="./ctaType">
                                                <granite:data
                                                    jcr:primaryType="nt:unstructured"
                                                    cq-dialog-dropdown-showhide-target=".list-option-listfrom-showhide-target"/>
                                                <items jcr:primaryType="nt:unstructured">
                                                    <link
                                                        jcr:primaryType="nt:unstructured"
                                                        selected="{Boolean}true"
                                                        text="Link"
                                                        value="link"/>
                                                    <modal
                                                        jcr:primaryType="nt:unstructured"
                                                        text="Modal"
                                                        value="modal"/>
                                                    <event
                                                        jcr:primaryType="nt:unstructured"
                                                        text="Dispatch Event"
                                                        value="event"/>
                                                    <chatnow
                                                        jcr:primaryType="nt:unstructured"
                                                        text="Chat Now Button"
                                                        value="chatnow"/>
                                                    <linkwithmultilinesplan
                                                        jcr:primaryType="nt:unstructured"
                                                        text="Link With Plan Lines"
                                                        value="linkwithmultilinesplan"/>
                                                </items>
                                            </ctaType>
                                            <setChatnowContainerId
                                                granite:class="hide list-option-listfrom-showhide-target foundation-layout-util-vmargin"
                                                jcr:primaryType="nt:unstructured"
                                                sling:resourceType="granite/ui/components/coral/foundation/container">
                                                <granite:data
                                                    jcr:primaryType="nt:unstructured"
                                                    showhidetargetvalue="chatnow"/>
                                                <items jcr:primaryType="nt:unstructured">
                                                    <chatnowContainerId
                                                        jcr:primaryType="nt:unstructured"
                                                        sling:resourceType="granite/ui/components/coral/foundation/form/textfield"
                                                        fieldDescription="Enter the Div Id to populate the nuance chatbox. The Div Id entered here Ex: inqC2CImgContainer_fixed &#xa;will be appended to the page as - &lt;div id=&quot;inqC2CImgContainer_fixed&quot;>&lt;/div> "
                                                        fieldLabel="Chat Now Cantainer ID"
                                                        name="./chatnowContainerId"/>
                                                </items>
                                            </setChatnowContainerId>
                                            <useAsHyperlink
                                                jcr:primaryType="nt:unstructured"
                                                sling:resourceType="granite/ui/components/coral/foundation/form/checkbox"
                                                fieldDescription="Check to use as a hyperlink"
                                                name="./useAsHyperlink"
                                                text="Enable to use as a hyperlink"
                                                value="{Boolean}true"/>
                                            <text
                                                jcr:primaryType="nt:unstructured"
                                                sling:resourceType="granite/ui/components/coral/foundation/form/textfield"
                                                fieldDescription="The text to display on the button."
                                                fieldLabel="Text"
                                                name="./jcr:title"
                                                required="true"/>
                                            <link
                                                jcr:primaryType="nt:unstructured"
                                                sling:resourceType="cq/gui/components/coral/common/form/pagefield"
                                                fieldDescription="Link to a content page, external URL or page anchor or dispatch the specified event on button click."
                                                fieldLabel="Link / Modal / Event "
                                                name="./link"/>
                                            <modalID
                                                granite:class="hide list-option-listfrom-showhide-target field-required"
                                                jcr:primaryType="nt:unstructured"
                                                sling:resourceType="granite/ui/components/coral/foundation/container">
                                                <granite:data
                                                    jcr:primaryType="nt:unstructured"
                                                    showhidetargetvalue="modal"/>
                                                <items jcr:primaryType="nt:unstructured">
                                                    <modalID
                                                        granite:class="cq-dialog-dropdown-showhide"
                                                        jcr:primaryType="nt:unstructured"
                                                        sling:resourceType="granite/ui/components/coral/foundation/form/select"
                                                        fieldDescription="Link to a content page, external URL or page anchor or dispatch the specified event on button click."
                                                        fieldLabel="Link / Modal / Event "
                                                        name="./modalID">
                                                        <granite:data
                                                            jcr:primaryType="nt:unstructured"
                                                            cq-dialog-dropdown-showhide-target=".list-option-listfrom-showhidemodal-target"/>
                                                        <items jcr:primaryType="nt:unstructured">
                                                            <tradeinmodal
                                                                jcr:primaryType="nt:unstructured"
                                                                text="Trade-In Modal"
                                                                value="#trade-in-box"/>
                                                            <termsncondition
                                                                jcr:primaryType="nt:unstructured"
                                                                text="Terms &amp; Condition Modal"
                                                                value="#terms-condition-modal"/>
                                                            <iframeModal
                                                                jcr:primaryType="nt:unstructured"
                                                                text="iFrame Modal"
                                                                value="#iframeModal"/>
                                                            <ild-destinations
                                                                jcr:primaryType="nt:unstructured"
                                                                text="International Destination Checker Modal"
                                                                value="#destinationChecker"/>
                                                            <ild-rates
                                                                jcr:primaryType="nt:unstructured"
                                                                text="International Rates Checker Modal"
                                                                value="#rateChecker"/>
                                                            <enterModalName
                                                                jcr:primaryType="nt:unstructured"
                                                                text="Enter Modal Name"
                                                                value="enterModalName"/>
                                                        </items>
                                                    </modalID>
                                                    <modalName
                                                        granite:class="hide list-option-listfrom-showhidemodal-target field-required"
                                                        jcr:primaryType="nt:unstructured"
                                                        sling:resourceType="granite/ui/components/coral/foundation/container">
                                                        <granite:data
                                                            jcr:primaryType="nt:unstructured"
                                                            showhidetargetvalue="enterModalName"/>
                                                        <items jcr:primaryType="nt:unstructured">
                                                            <modalName
                                                                granite:class="field-required"
                                                                jcr:primaryType="nt:unstructured"
                                                                sling:resourceType="granite/ui/components/coral/foundation/form/textfield"
                                                                fieldDescription="Enter name of modal to open on click"
                                                                fieldLabel="Modal Name"
                                                                name="./modalName"/>
                                                        </items>
                                                    </modalName>
                                                </items>
                                            </modalID>
                                            <eventname
                                                granite:class="hide list-option-listfrom-showhide-target field-required"
                                                jcr:primaryType="nt:unstructured"
                                                sling:resourceType="granite/ui/components/coral/foundation/container">
                                                <granite:data
                                                    jcr:primaryType="nt:unstructured"
                                                    showhidetargetvalue="event"/>
                                                <items jcr:primaryType="nt:unstructured">
                                                    <eventName
                                                        jcr:primaryType="nt:unstructured"
                                                        sling:resourceType="granite/ui/components/coral/foundation/form/textfield"
                                                        fieldDescription="Link to a content page, external URL or page anchor or dispatch the specified event on button click."
                                                        fieldLabel="Link / Modal / Event "
                                                        name="./eventName"/>
                                                </items>
                                            </eventname>
                                            <setEventLink
                                                granite:class="hide list-option-listfrom-showhide-target foundation-layout-util-vmargin"
                                                jcr:primaryType="nt:unstructured"
                                                sling:resourceType="granite/ui/components/coral/foundation/container">
                                                <granite:data
                                                    jcr:primaryType="nt:unstructured"
                                                    showhidetargetvalue="event"/>
                                                <items jcr:primaryType="nt:unstructured">
                                                    <eventlink
                                                        jcr:primaryType="nt:unstructured"
                                                        sling:resourceType="cq/gui/components/coral/common/form/pagefield"
                                                        fieldDescription="Link to a content page, external URL or page anchor"
                                                        fieldLabel="Event Link"
                                                        name="./eventLink"/>
                                                </items>
                                            </setEventLink>
                                            <placementText
                                                jcr:primaryType="nt:unstructured"
                                                sling:resourceType="granite/ui/components/coral/foundation/form/textfield"
                                                fieldDescription="Enter the cta text to be used for GTM"
                                                fieldLabel="Button Analytics Text"
                                                name="./placementText"/>
                                            <btnPlacementText
                                                jcr:primaryType="nt:unstructured"
                                                sling:resourceType="granite/ui/components/coral/foundation/form/textfield"
                                                fieldDescription="Enter the placement text to be used for GTM"
                                                fieldLabel="GTM Placement text"
                                                name="./btnPlacementText"/>
                                            <target
                                                jcr:primaryType="nt:unstructured"
                                                sling:resourceType="granite/ui/components/coral/foundation/form/checkbox"
                                                fieldDescription="Check to open Link in a new tab/window"
                                                name="./target"
                                                text="Open in new tab/window? "
                                                uncheckedValue="false"
                                                value="true"/>
                                            <donotfollow
                                                jcr:primaryType="nt:unstructured"
                                                sling:resourceType="granite/ui/components/coral/foundation/form/checkbox"
                                                checked="{Boolean}false"
                                                deleteHint="{Boolean}false"
                                                fieldDescription="Check to instruct search engine not to follow the link"
                                                fieldLabel="Do not follow the link"
                                                name="./donotfollowlink"
                                                text="Do not follow the link"
                                                uncheckedValue="false"
                                                value="{Boolean}true"/>
                                            <icon
                                                jcr:primaryType="nt:unstructured"
                                                sling:hideResource="{Boolean}true"
                                                sling:resourceType="granite/ui/components/coral/foundation/form/textfield"
                                                fieldDescription="Icon identifier for displaying an icon in the button."
                                                fieldLabel="Icon"
                                                name="./icon"/>
                                        </items>
                                    </column>
                                </items>
                            </columns>
                        </items>
                    </properties>
                    <selectPlanLines
                        jcr:primaryType="nt:unstructured"
                        jcr:title="Select Plan Lines"
                        sling:resourceType="granite/ui/components/coral/foundation/container"
                        margin="{Boolean}true">
                        <items jcr:primaryType="nt:unstructured">
                            <columns
                                jcr:primaryType="nt:unstructured"
                                sling:resourceType="granite/ui/components/coral/foundation/fixedcolumns"
                                margin="{Boolean}true">
                                <items jcr:primaryType="nt:unstructured">
                                    <column
                                        jcr:primaryType="nt:unstructured"
                                        sling:resourceType="granite/ui/components/coral/foundation/container">
                                        <items jcr:primaryType="nt:unstructured">
                                            <setNumerOfLines
                                                granite:class="hide list-option-listfrom-showhide-target foundation-layout-util-vmargin"
                                                jcr:primaryType="nt:unstructured"
                                                sling:resourceType="granite/ui/components/coral/foundation/container">
                                                <granite:data
                                                    jcr:primaryType="nt:unstructured"
                                                    showhidetargetvalue="linkwithmultilinesplan"/>
                                                <items jcr:primaryType="nt:unstructured">
                                                    <multiPlanSelection
                                                        jcr:primaryType="nt:unstructured"
                                                        sling:resourceType="granite/ui/components/coral/foundation/form/numberfield"
                                                        fieldDescription="Enter the number to select the lines on multiline section on plans page"
                                                        fieldLabel="Lines you need on plans page"
                                                        min="{Long}1"
                                                        name="./multiPlanSelection"/>
                                                </items>
                                            </setNumerOfLines>
                                        </items>
                                    </column>
                                </items>
                            </columns>
                        </items>
                    </selectPlanLines>
                </items>
            </tabs>
        </items>
    </content>
</jcr:root>
