<?xml version="1.0" encoding="UTF-8"?>
<jcr:root xmlns:sling="http://sling.apache.org/jcr/sling/1.0" xmlns:granite="http://www.adobe.com/jcr/granite/1.0" xmlns:cq="http://www.day.com/jcr/cq/1.0" xmlns:jcr="http://www.jcp.org/jcr/1.0" xmlns:nt="http://www.jcp.org/jcr/nt/1.0"
    jcr:primaryType="nt:unstructured"
    jcr:title="Carousel Container"
    sling:resourceType="cq/gui/components/authoring/dialog">
    <content
        jcr:primaryType="nt:unstructured"
        sling:resourceType="granite/ui/components/coral/foundation/fixedcolumns"
        margin="{Boolean}false">
        <items jcr:primaryType="nt:unstructured">
            <column
                jcr:primaryType="nt:unstructured"
                sling:resourceType="granite/ui/components/coral/foundation/container">
                <items jcr:primaryType="nt:unstructured">

                <setNoOfCardsPlan
                        granite:class="hide list-option-type-showhide-target foundation-layout-util-vmargin"
                        jcr:primaryType="nt:unstructured"
                        sling:resourceType="granite/ui/components/coral/foundation/container">
                        <granite:data
                            jcr:primaryType="nt:unstructured"
                            showhidetargetvalue="plancard"/>
                        <items jcr:primaryType="nt:unstructured">
                            <multilinePlanSelection
								jcr:primaryType="nt:unstructured"
								sling:resourceType="granite/ui/components/coral/foundation/form/checkbox"
								fieldDescription="On selection of this plans will be render as multiline."
								name="./multilinePlanSelection"
								text="Show Plans as multiline"
                                uncheckedValue="{Boolean}false"
                                checked="{Boolean}true"
								value="{Boolean}true"/>
                            <plansPdpPath
                                jcr:primaryType="nt:unstructured"
                                sling:resourceType="granite/ui/components/coral/foundation/form/pathbrowser"
                                fieldDescription="Select the Plans Page Path"
                                fieldLabel="Plans Page Path"
                                name="./plansPdpPath"
                                rootPath="/content"/>
                        </items>
                    </setNoOfCardsPlan>


					
                </items>
            </column>
        </items>
    </content>
</jcr:root>
