<?xml version="1.0" encoding="UTF-8"?>
<jcr:root xmlns:sling="http://sling.apache.org/jcr/sling/1.0" xmlns:cq="http://www.day.com/jcr/cq/1.0" xmlns:jcr="http://www.jcp.org/jcr/1.0" xmlns:nt="http://www.jcp.org/jcr/nt/1.0"
    jcr:primaryType="nt:unstructured"
    jcr:title="Card"
    sling:resourceType="cq/gui/components/authoring/dialog">
    <content
        jcr:primaryType="nt:unstructured"
        sling:resourceType="granite/ui/components/coral/foundation/fixedcolumns">
        <items jcr:primaryType="nt:unstructured">
            <column
                jcr:primaryType="nt:unstructured"
                sling:resourceType="granite/ui/components/coral/foundation/container">
                <items jcr:primaryType="nt:unstructured">
                    <cardTitle
                        jcr:primaryType="nt:unstructured"
                        sling:resourceType="granite/ui/components/coral/foundation/fixedcolumns"
                        margin="{Boolean}true">
                        <items jcr:primaryType="nt:unstructured">
                            <column
                                jcr:primaryType="nt:unstructured"
                                sling:resourceType="granite/ui/components/coral/foundation/container">
                                <items jcr:primaryType="nt:unstructured">
                                    <title
                                        jcr:primaryType="nt:unstructured"
                                        sling:resourceType="cq/gui/components/authoring/dialog/richtext"
                                        fieldLabel="Card Title"
                                        name="./cardTitle"
                                        useFixedInlineToolbar="{Boolean}true">
                                        <rtePlugins
                                            jcr:primaryType="nt:unstructured"
                                            sling:resourceSuperType="/apps/value-aem/components/core/content/tabs/tab_rte_plugins/items/rtePlugins"/>
                                        <uiSettings
                                            jcr:primaryType="nt:unstructured"
                                            sling:resourceSuperType="/apps/value-aem/components/core/content/tabs/tab_rte_plugins/items/uiSettings"/>
                                    </title>
                                </items>
                            </column>
                        </items>
                    </cardTitle>
                    <cardDesc
                        jcr:primaryType="nt:unstructured"
                        sling:resourceType="granite/ui/components/coral/foundation/fixedcolumns"
                        margin="{Boolean}true">
                        <items jcr:primaryType="nt:unstructured">
                            <column
                                jcr:primaryType="nt:unstructured"
                                sling:resourceType="granite/ui/components/coral/foundation/container">
                                <items jcr:primaryType="nt:unstructured">
                                    <title
                                        jcr:primaryType="nt:unstructured"
                                        sling:resourceType="cq/gui/components/authoring/dialog/richtext"
                                        fieldLabel="Card Description"
                                        name="./cardDesc"
                                        useFixedInlineToolbar="{Boolean}true">
                                        <rtePlugins
                                            jcr:primaryType="nt:unstructured"
                                            sling:resourceSuperType="/apps/value-aem/components/core/content/tabs/tab_rte_plugins/items/rtePlugins"/>
                                        <uiSettings
                                            jcr:primaryType="nt:unstructured"
                                            sling:resourceSuperType="/apps/value-aem/components/core/content/tabs/tab_rte_plugins/items/uiSettings"/>
                                    </title>
                                </items>
                            </column>
                        </items>
                    </cardDesc>
                    <cta
                        jcr:primaryType="nt:unstructured"
                        sling:resourceType="granite/ui/components/coral/foundation/form/textfield"
                        fieldLabel="CTA Text"
                        name="./ctaText"
                        rootPath="/content"/>
                    <url
                        jcr:primaryType="nt:unstructured"
                        sling:resourceType="granite/ui/components/coral/foundation/form/pathfield"
                        fieldLabel="CTA URL"
                        name="./ctaUrl"
                        rootPath="/content"/>
                    <cardImg
                        jcr:primaryType="nt:unstructured"
                        sling:resourceType="granite/ui/components/coral/foundation/form/pathfield"
                        fieldLabel="Card Image"
                        name="./cardImg"
                        rootPath="/content/dam/value-aem"/>
                    <altText
                        jcr:primaryType="nt:unstructured"
                        sling:resourceType="granite/ui/components/coral/foundation/form/textfield"
                        fieldLabel="Image Alt Text"
                        name="./altText"/>
                    <backgroundImg
                        jcr:primaryType="nt:unstructured"
                        sling:resourceType="granite/ui/components/coral/foundation/form/pathfield"
                        fieldLabel="Background Image"
                        name="./backgroundImg"
                        rootPath="/content/dam/value-aem"/>
                </items>
            </column>
        </items>
    </content>
</jcr:root>
