<?xml version="1.0" encoding="UTF-8"?>
<jcr:root xmlns:sling="http://sling.apache.org/jcr/sling/1.0" xmlns:cq="http://www.day.com/jcr/cq/1.0" xmlns:jcr="http://www.jcp.org/jcr/1.0" xmlns:nt="http://www.jcp.org/jcr/nt/1.0"
    jcr:primaryType="nt:unstructured"
    sling:resourceType="granite/ui/components/coral/foundation/container">
    <items jcr:primaryType="nt:unstructured">
        <rtePlugins jcr:primaryType="nt:unstructured">
            <format
                jcr:primaryType="nt:unstructured"
                features="bold,italic,underline"/>
            <justify
                jcr:primaryType="nt:unstructured"
                features="justifyleft,justifycenter,justifyright"/>
            <links
                jcr:primaryType="nt:unstructured"
                features="*">
                <linkDialogConfig
                    jcr:primaryType="nt:unstructured"
                    height="{Long}316">
                    <linkAttributes jcr:primaryType="cq:WidgetCollection"/>
                </linkDialogConfig>
            </links>
            <lists
                jcr:primaryType="nt:unstructured"
                features="*"/>
            <misctools
                jcr:primaryType="nt:unstructured"
                features="*">
                <specialCharsConfig jcr:primaryType="nt:unstructured">
                    <chars jcr:primaryType="nt:unstructured">
                        <default_copyright
                            jcr:primaryType="nt:unstructured"
                            entity="&amp;copy;"
                            name="copyright"/>
                        <default_euro
                            jcr:primaryType="nt:unstructured"
                            entity="&amp;euro;"
                            name="euro"/>
                        <default_registered
                            jcr:primaryType="nt:unstructured"
                            entity="&amp;reg;"
                            name="registered"/>
                        <default_trademark
                            jcr:primaryType="nt:unstructured"
                            entity="&amp;trade;"
                            name="trademark"/>
                        <emDash
                            jcr:primaryType="nt:unstructured"
                            entity="&amp;#8212;"/>
                        <pound
                            jcr:primaryType="nt:unstructured"
                            entity="&amp;#163;"/>
                        <nbsp
                            jcr:primaryType="nt:unstructured"
                            entity="&amp;#160;"/>
                    </chars>
                </specialCharsConfig>
            </misctools>
            <paraformat
                jcr:primaryType="nt:unstructured"
                features="*">
                <formats jcr:primaryType="nt:unstructured">
                    <default_p
                        jcr:primaryType="nt:unstructured"
                        description="Paragraph"
                        tag="p"/>
                    <default_h1
                        jcr:primaryType="nt:unstructured"
                        description="Heading 1"
                        tag="h1"/>
                    <default_h2
                        jcr:primaryType="nt:unstructured"
                        description="Heading 2"
                        tag="h2"/>
                    <default_h3
                        jcr:primaryType="nt:unstructured"
                        description="Heading 3"
                        tag="h3"/>
                    <default_h4
                        jcr:primaryType="nt:unstructured"
                        description="Heading 4"
                        tag="h4"/>
                    <default_h5
                        jcr:primaryType="nt:unstructured"
                        description="Heading 5"
                        tag="h5"/>
                    <default_h6
                        jcr:primaryType="nt:unstructured"
                        description="Heading 6"
                        tag="h6"/>
                    <default_blockquote
                        jcr:primaryType="nt:unstructured"
                        description="Quote"
                        tag="blockquote"/>
                    <default_pre
                        jcr:primaryType="nt:unstructured"
                        description="Preformatted"
                        tag="pre"/>
                </formats>
            </paraformat>
            <subsuperscript
                jcr:primaryType="nt:unstructured"
                features="*"/>
            <table
                jcr:primaryType="nt:unstructured"
                features="*"/>
            <styles
                jcr:primaryType="nt:unstructured"
                features="*">
                <styles jcr:primaryType="nt:unstructured">
                    <whitetext
                        jcr:primaryType="nt:unstructured"
                        cssName="text-color-white"
                        text="White Text"/>
                    <bluetext
                        jcr:primaryType="nt:unstructured"
                        cssName="color-blue"
                        text="Blue Text"/>
                    <uppercase
                        jcr:primaryType="nt:unstructured"
                        cssName="text-transform-upper"
                        text="Upper Case"/>
                    <lowercase
                        jcr:primaryType="nt:unstructured"
                        cssName="text-transform-lower"
                        text="Lower Case"/>
                    <strikethrough
                        jcr:primaryType="nt:unstructured"
                        cssName="text-strikethrough"
                        text="Strike Through"/>
                    <headingone
                        jcr:primaryType="nt:unstructured"
                        cssName="heading-one"
                        text="Heading One"/>
                    <headingtwo
                        jcr:primaryType="nt:unstructured"
                        cssName="heading-two"
                        text="Heading Two"/>
                    <headingthree
                        jcr:primaryType="nt:unstructured"
                        cssName="heading-three"
                        text="Heading Three"/>
                    <headingfour
                        jcr:primaryType="nt:unstructured"
                        cssName="heading-four"
                        text="Heading Four"/>
                    <subtitle-one
                        jcr:primaryType="nt:unstructured"
                        cssName="subtitle-one"
                        text="Subtitle One"/>
                    <subtitletwo
                        jcr:primaryType="nt:unstructured"
                        cssName="subtitle-two"
                        text="Subtitle Two"/>
                    <subtitlethreepx
                        jcr:primaryType="nt:unstructured"
                        cssName="subtitle-three-px"
                        text="Subtitle Three px"/>
                    <captionone
                        jcr:primaryType="nt:unstructured"
                        cssName="caption-text-one"
                        text="Caption One"/>
                    <captiontwo
                        jcr:primaryType="nt:unstructured"
                        cssName="caption-text-two"
                        text="Caption Two"/>
                    <componentheading
                        jcr:primaryType="nt:unstructured"
                        cssName="component-heading"
                        text="Component Heading"/>
                    <promoheading
                        jcr:primaryType="nt:unstructured"
                        cssName="promo-heading"
                        text="Promo Heading"/>
                    <promotext
                        jcr:primaryType="nt:unstructured"
                        cssName="promo-text"
                        text="Promo text"/>
                    <josefinfont
                        jcr:primaryType="nt:unstructured"
                        cssName="Josefin Font"
                        text="josefin"/>
                    <margintop10
                        jcr:primaryType="nt:unstructured"
                        cssName="mt-10 d-block"
                        text="Margin Top 10"/>
                    <margintop20
                        jcr:primaryType="nt:unstructured"
                        cssName="mt-20 d-block"
                        text="Margin Top 20"/>
                    <marginleft25
                        jcr:primaryType="nt:unstructured"
                        cssName="ml-25"
                        text="Margin Left 25"/>
                    <slidetitleinblack
                        jcr:primaryType="nt:unstructured"
                        cssName="slide-title text-black"
                        text="Slide Title Black"/>
                    <marginbottom05
                        jcr:primaryType="nt:unstructured"
                        cssName="mb-05 d-block"
                        text="Margin bottom 05"/>
                    <marginbottom10
                        jcr:primaryType="nt:unstructured"
                        cssName="mb-10 d-block"
                        text="Margin bottom 10"/>
                    <marginbottom20
                        jcr:primaryType="nt:unstructured"
                        cssName="mb-20 d-block"
                        text="Margin bottom 20"/>
                    <paddingbottom20
                        jcr:primaryType="nt:unstructured"
                        cssName="pb-20 d-block"
                        text="Padding bottom 20"/>
                    <paddingbottom10
                        jcr:primaryType="nt:unstructured"
                        cssName="pb-10 d-block"
                        text="Padding bottom 10"/>
                    <legal
                        jcr:primaryType="nt:unstructured"
                        cssName="legal"
                        text="Legal"/>
                    <fontweightboulder
                        jcr:primaryType="nt:unstructured"
                        cssName="font-weight-bolder"
                        text="Font Bolder"/>
                    <accessibilitytext
                        jcr:primaryType="nt:unstructured"
                        cssName="sr-only"
                        text="Accessibility Text"/>
                    <navigationtext
                        jcr:primaryType="nt:unstructured"
                        cssName="shop-heading"
                        text="Navigation Heading"/>
                    <bodytext
                        jcr:primaryType="nt:unstructured"
                        cssName="body-text"
                        text="Body Text"/>
                    <bodybold
                        jcr:primaryType="nt:unstructured"
                        cssName="body-bold"
                        text="Body Bold"/>
                    <wordbreak
                        jcr:primaryType="nt:unstructured"
                        cssName="font-break"
                        text="Word Break"/>
                    <rewardsicon
                        jcr:primaryType="nt:unstructured"
                        cssName="icon-rewards"
                        text="Rewards Icon"/>
                    <linebreak
                        jcr:primaryType="nt:unstructured"
                        cssName="d-block"
                        text="Line Break"/>
                    <linebreakdesktop
                        jcr:primaryType="nt:unstructured"
                        cssName="d-lg-block"
                        text="Line Break(Only Desktop)"/>
                    <byopBrandBanner
                        jcr:primaryType="nt:unstructured"
                        cssName="brand-banner-heading"
                        text="BYOP Brand Banner"/>
                    <byopBrandBannerLight
                        jcr:primaryType="nt:unstructured"
                        cssName="brand-banner-light"
                        text="BYOP Banner Light"/>
                    <cmn-txt-dark
                        jcr:primaryType="nt:unstructured"
                        cssName="cmn-txt-dark"
                        text="Dark Blue Text"/>
                    <cmn-txt-light
                        jcr:primaryType="nt:unstructured"
                        cssName="cmn-txt-light"
                        text="Light Blue Text"/>
                    <cmn-txt-red
                        jcr:primaryType="nt:unstructured"
                        cssName="cmn-txt-red"
                        text="Red Text"/>
                    <cmn-txt-yellow
                        jcr:primaryType="nt:unstructured"
                        cssName="cmn-txt-yellow"
                        text="Yellow Text"/>
                    <cmn-txt-teal
                        jcr:primaryType="nt:unstructured"
                        cssName="cmn-txt-teal"
                        text="Teal Text"/>
                    <planfeaturespan
                        jcr:primaryType="nt:unstructured"
                        cssName="plan-card-feat"
                        text="Plan card feature non-bold"/>
                </styles>
            </styles>
            <image
                jcr:primaryType="nt:unstructured"
                features="*"/>
            <font
                jcr:primaryType="nt:unstructured"
                features="*"/>
        </rtePlugins>
        <uiSettings jcr:primaryType="nt:unstructured">
            <cui jcr:primaryType="nt:unstructured">
                <inline
                    jcr:primaryType="nt:unstructured"
                    toolbar="[format#bold,format#italic,format#underline,#paraformat,#justify,subsuperscript#subscript,subsuperscript#superscript,#styles,#lists,links#modifylink,links#unlink,links#anchor,misctools#sourceedit,image#imageProps,misctools#specialchars,font#colorPicker,table#createoredit]">
                    <popovers jcr:primaryType="nt:unstructured">
                        <justify
                            jcr:primaryType="nt:unstructured"
                            items="[justify#justifyleft,justify#justifycenter,justify#justifyright]"
                            ref="justify"/>
                        <lists
                            jcr:primaryType="nt:unstructured"
                            items="[lists#unordered,lists#ordered,lists#outdent,lists#indent]"
                            ref="lists"/>
                        <styles
                            jcr:primaryType="nt:unstructured"
                            items="styles:getStyles:styles-pulldown"
                            ref="styles"/>
                        <paraformat
                            jcr:primaryType="nt:unstructured"
                            items="paraformat:getFormats:paraformat-pulldown"
                            ref="paraformat"/>
                    </popovers>
                </inline>
                <dialogFullScreen
                    jcr:primaryType="nt:unstructured"
                    toolbar="[format#bold,format#italic,format#underline,#paraformat,justify#justifyleft,justify#justifycenter,justify#justifyright,subsuperscript#subscript,subsuperscript#superscript,#styles,links#unlink,links#modifylink,links#anchor,lists#unordered,lists#ordered,lists#outdent,lists#indent,misctools#sourceedit,image#imageProps,misctools#specialchars,font#colorPicker,table#createoredit]">
                    <popovers jcr:primaryType="nt:unstructured">
                        <paraformat
                            jcr:primaryType="nt:unstructured"
                            items="paraformat:getFormats:paraformat-pulldown"
                            ref="paraformat"/>
                        <styles
                            jcr:primaryType="nt:unstructured"
                            items="styles:getStyles:styles-pulldown"
                            ref="styles"/>
                    </popovers>
                </dialogFullScreen>
                <tableEditOptions
                    jcr:primaryType="nt:unstructured"
                    toolbar="[table#insertcolumn-before,table#insertcolumn-after,table#removecolumn,-,table#insertrow-before,table#insertrow-after,table#removerow,-,table#mergecells-right,table#mergecells-down,table#mergecells,table#splitcell-horizontal,table#splitcell-vertical,-,table#selectrow,table#selectcolumn,-,table#ensureparagraph,-,table#modifytableandcell,table#removetable,-,undo#undo,undo#redo,-,table#exitTableEditing,-]"/>
            </cui>
        </uiSettings>
    </items>
</jcr:root>
